symbol_1,symbol_2,pubmed_ids
BRK1,UBC,22871113
FN1,THBS4,10956668
ANK2,SPTBN1,14593108
LTI30,PRKCG,21665998
SLC20A1,UBC,22871113
BDNF,NTRK2,1645620
DYNLL1,NOS1,14760703
RAD23B,RPN1,19182904
RAD23B,RPN2,19182904
DIABLO,XIAP,24305822
AIP,RET,19366855
ITPR1,SLC8A1,14593108
RARA,SENP6,19850744
GPSM1,USP9X,20305814
ITCH,OCLN,15605377
HSPA4,RAD23B,19182904
GRB2,SHC1,12167719;9722539;9918770;7953556
CLTC,NCALD,11964161
AHCY,UBC,22871113
AGTR1A,HTR2B,19023134
AP3B2,PI4K2A,23146885
IKBIP,UBC,22871113
GAP43,PRKCD,8694767
GAP43,PRKCE,8694767
UBC,USP24,22871113
NCOA3,SSX1,21454665
GAP43,PRKCB,8694767
NLGN2,SHANK1,15458844
DNM1,NME2,11872741
PPP3R1,UBC,22871113
CUL4A,UBC,22871113
CASKIN1,SYT1,19523119
SYT13,UBC,22871113
UBC,XIAP,14526223
ARHGAP35,RASA1,7503985
MAGI2,UBC,22871113
TRAPPC3,UBC,22871113
GRM7,PIAS3,21288202
CAMK2D,GRIN2B,12147342
CAMK2D,GRIN2A,12147342
LDHB,UBC,22871113
TTYH3,UBC,22871113
GMEB2,UBE2I,11812797
MAD1L1,MAD2L1,22100920
JPH4,UBC,22871113
SPG20,SQSTM1,21707618
DNM1,SH3GL2,14704270
GABRG2,PRKCG,1321150
CABP1,CAMK2G,10625670
SQSTM1,ZFP110,16252010
MAP1B,SPP1,22779921
BIN1,CLTA,11382783
BIN1,CLTC,11382783
GNAI3,NUCB1,9647645
HDAC1,RELA,17082476
SNCB,UBC,22871113
IRS2,PIK3R2,11120660
ARRB1,TRHR,11278883;12393857
IRS2,JAK2,12960006
RABEP1,UBC,22871113
CDC42,TNK2,10618719
SCN8A,UBC,22871113
CLIP2,DYNLL1,14760703
NRAS,RGS12,17380122
SLC8A2,UBC,22871113
ATF4,NFE2L2,11274184
BCAR1,PTPN11,9832615
EPN1,TUBA1A,12750376
CBL,GRB2,9918770
ERLIN2,ITPR1,17502376
CBL,EGFR,20029031;8550620
GRIN2D,NEDD4,23639431
FKBP4,MAPT,20133804
ATP6V0A1,UBC,22871113
CBL,UBC,20029031
EP300,ZFPM2,15220332
DNM1,SORBS1,19116150
DNM1,SORBS2,15659545
CBX2,CSNK2B,20493168
MFAP4,SFTPD,10542261
COASY,RPS6KB1,15589845
SCNN1A,UBC,16099816
CDC37,STK11,12489981
DYNC2H1,UBC,22871113
EEF1A2,PLCB1,23665500
CAV1,NF1,16405917
ITSN1,SYNJ1,9813051
CHKB,UBC,22871113
SNAP23,STX1B,10825299
ITPR1,VCP,16103111
DGKZ,RB1,16286473
INSR,UBC,22871113
PSMC2,RAD23A,20178748
GFAP,UBC,22871113
MAP2K2,PRKCZ,8026469
PRMT5,UBC,22871113
DDN,MAGI2,16751601
GPS2,NR0B2,17895379
NGFR,NTRK2,19549834
STX8,UBC,22871113
CSNK2A1,LBR,8598227
CACNA1A,GNB1,15953418
PGAM1,UBC,22871113
KCNJ1,UBC,15767585
AKAP5,GRIA1,10939335
AKT1,SH2B2,16141217
EEF2,UBC,22871113
PI4K2A,USP9X,23146885
FAF1,UBC,22871113
CEBPB,EP300,15722556;15669015;20452968
NFKBIA,PRKCZ,8026469
CELF2,UBC,22871113
SYN2,UBC,22871113
LOC366310,XPO1,15574332
TCP1,UBC,22871113
CD47,UBC,22871113
GM2A,PLD2,11672434
GNAO1,UBC,22871113
NEDD4L,SLC12A3,24920754
FAM49B,UBC,22871113
RARA,YBX1,22337869
RUNX3,VDR,20236534
KIF3A,SQSTM1,21707618
CAMK2D,SRF,10753652
CCND1,OAZ1,15277517
SLC16A1,UBC,22871113
FKBP1A,UBC,22871113
HOMER1,ITPR1,9808459
CASKIN1,NCK1,19523119
MATR3,UBC,22871113
PARK2,TARDBP,23258539
ANXA6,RASA1,8798684
KCNA1,UBC,22871113
CTNND1,MIB1,25931508
EPS15,FCHO1,19713939
GJA1,WAS,12431372
BAG1,HSPA8,14978028
PLCB1,UBC,19347873;22871113
BAG1,HSPA4,16116448
ALOX12,NCF1,16040349
IDH1,KATNA1,23904609
DACT2,VANG,21718540
HGS,SNAP23,10510169;10825299
SQSTM1,SUMO1,21707618
PRKCD,SERPINE1,19246637
HGS,SNAP25,10510169;10825299
LOC680955,UBC,22871113
RAD23A,UBC,22871113
SCN2A,UBC,22871113
MAPK1,MBP,9722539
DLGAP3,SHANK3,10433269
PML,RBCK1,15833741
GOLGA7,UBC,22871113
RABEP2,UBC,22871113
DLG4,MDM2,14642282
TECR,UBC,22871113
GP1BB,UBC,22871113
AP2A1,DNM1,9259551;16903783
AP2A1,DNM2,16903783
AP2A1,DNM3,16903783
TCEB1,TCEB2,11384984;10224134
TCEB1,TCEB3,19037258
SRCIN1,SYP,18662323
UBC,ZWINT,22871113
CNTNAP2,KCNAB2,10624965
CSNK2A1,PUF6,18413716
GRM2,RANBP9,18555800
CDK2,CDKN1A,9811456
CDK2,CDKN1B,9811456
ATXN3,TUBB2B,19666135
ADRB2,UBC,16368719
KCNA3,MMP23,23300077
CDK1,HIST1H1A,9344597
PRKACA,WASF1,10970852
NLGN2,SHANK3,15458844
AKT1,BAG1,16116448
KCNA5,RAB11A,19706553
VAMP8,VTI1A,11101518
SLCO1C1,UBC,22871113
UBC,VPS45,22871113
AKT1,BRAF,16116448
HES1,SFPQ,15607978
CDK4,KRAS,11384971
CUL5,TCEB3,11384984;19037258
CUL5,TCEB2,19037258
PSMD4,TUBG1,23831032
OPTN,RAB8A,24683533
LIN7A,UBC,22871113
PRKCD,UBC,9447980;22871113
CCNE1,MI,19723762
GLUL,UBC,22871113
EPB41L2,UBC,22871113
ADRM1,RAD23B,19182904
FCHO2,UBA1,20448150
ARF6,PEX3,19686593
NBL1,UBQLN1,9268694
NFASC,SDCBP,11152476
ARPC1A,UBC,22871113
BCL2L1,MDM2,17060322
FBXL22,SKP1,22972877
HIST1H1A,PRKCB,11118818
HIST1H1A,PRKCA,11118818
HIST1H1A,PRKCG,3111527
BAK1,BAX,11850803
HIST1H1A,PRKCD,11118818
HTR2A,UBC,22871113
SNCA,USP9X,22065755
FBXO2,GRIN1,15809437
ANXA7,PRKCA,11278415
NBR1,TRIM63,15802564
PPP1R9A,RAC3,16525025
CRY2,UBC,22871113
CLK2,SAFB,9671816
IRS1,JAK2,12960006
HDAC6,TUBB5,19961433
DSTYK,UBC,22871113
GRB2,INSR,7953556
BATF3,PGR,12101239
AKAP9,UBE2I,21616059
ID1,PSMD4,23831032
HSPA8,KATNA1,23904609
GOPC,NLGN1,15458844
GOPC,NLGN2,15458844
EPS15,MOB4,11872741
FGF1,FGFR2,11042206
ATP1A2,SLC8A1,14593108
CAV3,NOS1,9353265
APOD,LEPR,11344130
APC,MACF1,16815997
CDC27,FZR1,22949615
CSNK2B,RPS6KB1,16895915
GARS,UBC,22871113
ARC,TFPT,10644725
RAD23B,TNNC2,19182904
BRAF,HRAS,9679960
CREB1,HSPA1A,16207717
TSC1,TSC2,12147258;10807585
HIST3H2A,RNF4,11319220
CAMK2G,UBC,22871113
ARCN1,INSR,25687571
GRIA2,PICK1,15458844;24749734
CAPZA1,DAB1,18076569
CBL,IRS1,19546233
HDAC3,HR,12403844
ARL8A,UBC,22871113
EGFR,GRB2,12218049
EP300,TNP2,19710011
SHANK3,SHARPIN,23897824
AP2A2,DNM1,10430869
DLG4,KLHL17,12063253
LOC680063,UBC,22871113
MAP1LC3B,TUBA1A,7908909
CAV1,UBC,22871113
NTRK1,PSMC2,18419753
TSC2,YWHAB,12582162;12468542
EP300,PSMD9,16293776
APBA1,NRXN1,11036064
HSP90AA1,MS4A2,19356729
PDIA3,STAT3,10464281
LMNB1,TMPO,9305626
AKT1,HSP90AA1,19356729
MLLT10,TUBA1A,12750376
MAGI3,SDK2,15458844
AP2B1,SYNRG,16903783
KHDRBS1,KHDRBS3,11118435
EPB4.1,SPTAN1,11274145
SNAP25,VAMP2,10644763
BRF1,EPHB1,16407335
SNCA,YWHAB,10407019
CEBPB,GTF2B,8972203
IGBP1,UBR5,20544796
BRDT,ERP44,22215678
TCEB2,TCEB3,19037258;10224134
DNMT1,PCNA,19683557
RAF1,RFXANK,10329666
CAMK2A,GRM7,15494036
RUNX1,SUMO3,22082260
DAB2,FCHO2,20448150
CAMK2A,GRM2,15494036
AKT1,GSK3B,15632182;16142243
CBL,SHC1,9918770
G3BP2,UBC,22871113
CCNA1,CTNNB1,14985333
GRIN1,UBC,22405206;22871113
CAMK2A,PARP1,15607978
CYP3A23/3A1,UBC,11901229
KLF4,LAMC1,12034813
CASK,NRXN2,8786425
CASK,NRXN3,8786425
CASK,NRXN1,8786425;11036064
DNAJC7,HSPA8,10567422
OPTN,TFRC,24683533
PRKCG,STXBP1,8631738
ITM2B,UBC,22871113
TRAF3,UBC,22871113
MYL6L,UBC,22871113
ATP1A1,UBC,22871113
SNCA,TH,11943812
GPRC5B,UBC,22871113
P2RY12,UBC,22871113
CASK,DLG1,12351654
ATP1A1,FXYD7,12093728
ATP1A1,FXYD4,15743908
ATP1A1,FXYD3,15743908
BRAF,NTRK1,17380122
GRIK1,HOMER2,9069287
NCKAP1,UBC,22871113
GRM1,PSMA2,22486777
CREBBP,WT1,11278547
HUNK,NEDD4,22745772
B2M,UBC,12847084
NEDD4,SCN2A,15548568
SCN3B,UBC,22871113
CREBBP,HES1,15607978
NFATC1,OGT,17882263
ITM2C,UBC,22871113
SIAH2,SNCA,19224863
RTCB,UBC,22871113
HSP90AB1,KATNA1,23904609
PABPC1,TOB2,16554297
ARRB2,TRHR,12393857
CTF2,SRC,16511561
SNAP25,STX3,9168999;7768895
SNAP25,STX2,9168999;7768895
AP2A1,ITSN1,16903783
SNAP25,STX4,9168999;7768895
RCBTB1,UBC,22871113
COPS3,UBC,22871113
KLHL17,PDZK1,12063253
SNAP91,UBC,22871113
GGT7,UBC,22871113
EPAS1,VHL,12675925
FLNA,GRM8,11943148
SRF,SSRP1,10336466
CYTH2,GRASP,12586822
FLNA,GRM7,11943148
NFASC,SDCBP2,11152476
GPC3,SHH,18477453
DLGAP3,RGS12,17380122
DNM2,SORBS1,19116150
PFKFB1,PRKAA2,15896703
DNM2,SORBS2,15659545
APC,PTPN13,10951583
DENND1A,NECAP2,17762867
NEFL,TSC1,12226091
NEFL,TSC2,12226091
SLC17A7,SNCA,16306404
NCAM1,UBB,17971410
NCAM1,UBC,22871113
AP2B1,EPN2,16903783
KCNQ3,NEDD4,17322297
AMPH,FABP4,11382783
SNAP25,SYP,10825299
ENO1,LYN,14604964
EPB41L3,UBC,22871113
MGRN1,UBC,22871113
BAG1,RAF1,14978028
SREBF1,UBC,24425205
ANXA2,RAD23B,19182904
CYP2B1,HSPA4,19401463
HGS,SYP,10825299
IDE,UBC,22871113
PSMF1,RAD23B,19182904
GDAP1,UBC,22871113
MYO5A,TRIM2,11432975
PPM1A,SNF1,22019086
DACT2,HDAC1,21718540
ACYP1,UBC,22871113
GEMIN2,SMAD9,12714599
GIPC1,GRIA2,15458844
DPYSL2,NUMB,12942088
AP2A1,NECAP1,16903783
PAH1,PRKCA,24876385
CAND1,PSMC5,10526239
AP2A1,BIN1,11382783
AP2B1,BIN1,11382783
PSMD4,RPN1,23831032
TMEM59,UBC,22871113
CAND1,PSMC2,10526239
TP53,XRCC6,18162465
MFAP3,UBC,22871113
CIB1,PLK3,10523297
CIB1,PLK2,10523297
GRASP,PRKCSH,12586822
CAMKK2,SNF1,22019086
NTRK1,PSMB10,18419753
CREB3L1,UBC,22705851
THRB,TRIP11,7776974
THRB,TRIP10,7776974
NCL,PARK7,16854843
AP1G2,SYNRG,10477754
SNAP25,UBC,22871113
SOCS1,SOCS2,16956890
PRKCB,STXBP1,8631738
SRCIN1,UBC,22871113
HGF,INSR,7953556
NEDD4,SCNN1G,11805112;8665844;11502596
SLC40A1,SQSTM1,12431995
NEDD4,SCNN1B,8665844;9923703;12654927
ESR2,PCNA,19683557
NEDD4,SCNN1A,8665844
DYNLL1,MTA1,14760703
NDFIP1,NEDD4,22417925
CBL,CRK,11146548;9348226
NR3C1,UBC,24334056
CCNE1,CTNNB1,14985333
SCN3A,UBC,22871113
CBL,F2RL1,15708858
TMUB1,UBC,22871113
GCLC,GCLM,9675072
UBC,ZFP280D,22871113
AGTR1A,SRC,16151024
MAPK9,UBC,22871113
ATP2B4,UBC,22871113
PSMA1,UBC,22871113
GIPC1,NTRK2,11251075
GIPC1,NTRK1,16819522
NBR1,TRIM55,15802564
ME1,UBC,22871113
NOS1,NOSIP,15548660
PSMC2,UBC,22871113
LIPE,STAR,12925534
CD5,PRKCG,11123317
HSPA8,SGTA,10567422
ITM2A,UBC,22871113
ATRX,MECP2,17296936
DCX,NFASC,12223548
BAX,BCL2,16642033
LIN7C,MARCH11,17604280
BCAR1,FYN,11181827
TMEM59L,UBC,22871113
KAT5,PLA2G4A,11416127
ABCB11,AP2M1,22262466
HGS,STX1A,10825299
RUFY3,UBC,22871113
STX1A,STXBP1,8108429;21266332;7768895;8996080;22411134
STX1A,STXBP2,7768895
PREPL,UBC,22871113
KLF4,SP1,22337869
NFYC,SP1,11022037
ANXA1,RAD23B,19182904
PHB2,PLCB1,23665500
EXD2,UBC,22871113
UBC,VDAC3,22871113
IL1R1,TOLLIP,19198660
UBC,VDAC1,22871113
CXXC4,DVL1,11113207
FSCN1,UBC,22871113
CLTC,GABARAP,18027972
CLTC,EPN1,10567358;11382783;12234931
PTEN,UBC,20100827
DLG1,TANC1,15673434
HGF,SHC1,7953556
NGF,NGFR,18596692
ESR1,TSC1,15851513
PARK2,SLC6A3,17873367
LMAN1,TMED9,9472029
CUL2,HIF1A,19950214
APC,CTNNB1,20623542;16815997
SMAD3,SOX9,16109717
CSNK1E,PER3,10899319
CSNK1E,PER2,10899319
CSNK1E,PER1,10899319
CANX,SNCA,16854843
HIF1A,UBC,19950214;24478626
ACTG1,DLG4,12063253
CCT3,UBC,22871113
UBC,VAMP1,22871113
UBC,VAMP3,22871113
GRIK2,UBC,17062563
DNM3,DYNLL1,14760703
CRMP1,UBC,22871113
MAP3K14,UBC,22871113
GRM7,TUBA1A,11953448
BAIAP2,CNKSR3,14596909
CUL1,KLHL17,17062563
CDC20,PLCB1,19347873
CAMK2B,TUBG1,21725312
MAP2K1,MAPK1-B,8026469
CAMK1,CAMKK2,16054096
ERBB2,LNX1,16122940
CAMK1,CAMKK1,16054096
DNMT3B,HDAC2,15632075
APBA2,NRXN1,11036064
TNNT2,UBC,19801490
PALM,UBC,22871113
SPTAN1,TES,15656790
TCERG1,UBC,22871113
CACNA1C,DERL1,21186355
DLG4,EFNB2,15458844
BAG6,UBC,22871113
PARP1,SRC,15607978
RPS10,UBC,22871113
FLCN,FNIP1,19914239
AP2A2,SNAP91,10430869;17762867
AP1M1,MARCH11,17604280
DLGAP3,GRASP,12586822
MAPK3,PRKCA,20181831
TMOD2,UBC,22871113
CACNA1B,UBE2L3,24566975
AMPH,SYNM,8552632
AHR,ARNT,18078967
GRIA2,GRIP1,15458844;14730302
CSNK1A1,ESC,15896722
ATP4A,FXYD3,15743908
ERLIN1,ERLIN2,19240031
RUNX2B,VDR,20236534
EIF4EBP1,MTOR,10364159;10471835;9204908
GDU2,MGRN1,24036454
RUNX2,VDR,15456860;20236534
CDKN1B,RNF123,21229311
FAM115A,UBC,22871113
ARFGEF1,UBC,22871113
HNRNPC,UBC,22871113
CDK2,HIST1H1A,9344597;14985333
EPB41L2,SPTBN1,11274145
NPTX2,NPTXR,10748068
NEUROD1,SREBF1,16055439
APP,UBC,22871113
KIF11,THRB,7776974
CDK2,HIST1H1T,15631990
ATXN3,TUBA1A,19666135
RELN,UBC,22871113
UBC,USP2,10938131
UBC,USP4,22871113
UBC,USP5,22871113
DRD1,GRIN1,12408866
ELL,POLR2G,9268387
NLGN1,SIPA1L1,15458844
SGTA,UBC,22871113
AP2M1,DAB2,12234931
COPS2,THRB,7776974
ACTN1,SPTAN1,11274145
CDK2,LMNB1,9053846
CEBPA,HDAC3,23639777
CALM1,UBC,22871113
ELL,POLR2H,9268387
DYNLL1,MTR,14760703
MAPRE3,UBC,22871113
PRKCD,RAC1,19356729
DYNLL1,VIM,14760703
RPL18,UBC,22871113
AMPH,AP2B1,16903783;11382783
CAPZB,DAB1,18076569
GABBR1,GABBR2,24114844
ADRB2,ARRB2,17666399;16368719
KHDRBS3,YTHDC1,11118435
CSNK2B,NFKBIA,10398585
IGBP1,PPP4C,20544796
DNM1,PIAS1,15123615
CEP170,GRASP,12586822
UBA1,UBC,22871113
CASKIN1,EPHA2,19523119
TCEB2,VHL,9341197;9122164;7660122
NGEF,UBC,22871113
DACT2,TCF3,21718540
AGTR1A,ARRB1,17498700
HSPA5,THBS1,9006956
CDK5,SYNJ1,14704270
EXOSC8,VHL,7604013
CANX,HOMER3,22486777
RBL2,UBC,19533683
AXIN1,MACF1,16815997
ESR1,UBC,21808025
PAIP2,UBR5,16601676
ATP6V1B2,UBC,22871113
FBXO22,SRR,25336657
BCL2L11,MUD1,21378313
AP1G1,SCARB2,15469932
CRHR2,UCN3,11416224
GNE,KIAA1549,17118363
GRIA2,UBC,22871113
CASKIN1,L1CAM,19523119
KCNJ16,UBC,22871113
DLGAP1,TANC1,15673434
PRPS1,XIAP,22792159
PSMD4,RANBP2,17911097
MAPT,PRKCG,3111527
AATF,TSG101,14761944
GAPDH,NCALD,11964161
ATP1A1,CFL1,11139403
ACTG1,DYNLL1,14760703
PPP2CB,UBC,22871113
DLGAP1,SHANK3,10433268
DLGAP1,SHANK2,10433268
DLGAP1,SHANK1,10433268
RAB8B,UBC,22871113
NTRK1,UBE2L3,16246731
RAD23B,TPM2,19182904
RAD23B,TPM1,19182904
BRDT,SMARCE1,22215678
GOPC,STX6,11384996
ATXN3,MAP2,19666135
DYNLL1,PFKM,14760703
APC,GSK3B,20623542;16815997
HIST1H1T,UBC,22871113
HRAS,RAF1,9679960
DYNLL1,PFKP,14760703
DNM2,DYNLL1,14760703
LYN,UBC,14531861;11137137;22871113
FKBP4,NR3C1,23686112
GABRB1,PRKCG,1321150
UBC,UBE2QL1,22871113
MOBP,UBC,22871113
NPTX1,NPTX2,10748068
TRIM2,UBC,22871113
STX17,STX3,9852078
NPM3,TNP2,19710011
NTRK1,TRAF6,16246731
RBL2,SUV39H1,15769944
PSMC6,RANBP2,17911097
NCALD,UBC,22871113
NPTX1,NPTXR,10748068
MDM2,UBC,17060322
BAG3,HSPA8,21423662
MYO6,PDLIM2,15505042
CNRIP1,UBC,22871113
CBFA2T3,UBC,22871113
CTNND2,GSK3B,20623542
CTBP1,IKZF1,22301782
HGS,NTRK2,19351881
SELPLG,UBC,22871113
GRASP,ZHX1,12586822
PSMC3,UBC,22871113
TRIM32,UBC,22871113
CAV1,MLC1,19931615
SENP2,SUMO3,17428805
SENP2,SUMO2,17428805
CASKIN1,STMN3,19523119
LEP,ZBTB17,11068878
NOS1,VAC14,17161399
DYNLL1,ZFP780B,14760703
KPNB1,PLCB1,23665500
LOC366310,PHAX,15574332
PPAP2B,UBC,22871113
EFNB2,SRC,16511561
EIF4EBP1,MAPK1,9092573;9204908
RAD23B,VCP,19182904
RAD23B,USP5,19182904
AMPH,PPP3CB,9388246
RAD23B,USP7,19182904
PPARA,UBC,19103650
HSP90AA1,NOS1,22128174
EXOC3,RALA,11406615
IKBKB,TRAF6,16079148
GRB2,SYNJ1,9428629
MAPK1,MAPK3,20181831
CCNE1,KRAS,11384971
DYT10,GRM5,15894802
KCNA2,UBC,22871113
FAIM2,UBC,22871113
DYNC1H1,GLRB,16449194
DAPK3,RAB3IP,10580117;10602480
SHANK2,SSTR2,10373412
NR3C1,PSMC3IP,11739747
AP2B1,UBC,22871113
SMURF1,SMURF2,17906294
SF1,SNURF,14988433
FOXO1,UBC,17210752
GDU1,MGRN1,24036454
EPS15,SYNJ1,9428629
UBC,USP9X,22871113
AIFM3,UBC,22871113
SCN2B,UBC,22871113
ACTN4,LRRC7,11160423
IGSF5,LNX1,16832352
AP2A2,SYNJ1,17762867
GRIN2B,UBC,22871113
CAMK2B,CDC20,21725312
ATP2B3,UBC,22871113
NEDD4,YWHAB,15677482
NEDD4,YWHAE,15677482
CDKN1C,SKP2,19533683
NEDD4,YWHAG,15677482
NECAP1,SNAP91,17762867
NEDD4,YWHAH,15677482
CXCL2,UBC,22871113
DLG4,TANC1,15673434
MAB21L2,RAD23B,19182904
NEDD4,YWHAQ,15677482
GRM6,UBE2I,21288202
CRMP1,GNE,17118363
CSK,KLHL1,16982692
CANX,PSMC5,22486777
TPI1,UBC,22871113
DMD,PTK2,16935300
BTG2,HDAC1,17371797
STX3,STXBP2,7768895
CAV1,CLIC4,11563969
STX3,STXBP1,8108429;7768895;8996080
ABL1,WASF1,10970852
MOB4,NME2,11872741
PIAS2,TOLLIP,19198660
UBC,YOD1,22871113
CHRNA9,RAPSN,18420419
LMNB1,PLEC,2023931
NEDD4L,PRKAA2,16844684
ACTN2,FBXL22,22972877
LPHN1,UBC,22871113
KCNQ2,UBC,17322297;22871113
CREBBP,SOX9,15722556
KATNA1,STXBP1,23904609
TCEAL1,UBC,22871113
HSP90AA1,KSR1,10409742
EP300,SP1,10362258
KSR1,YWHAB,10409742
AP3D1,PI4K2A,23146885
EP300,SOX9,16109717
CAPZB,UBC,22871113
HIST1H4B,PARP1,15607978
CCT8,UBC,22871113
TGFBR2,UBC,22964853
CLIC4,UBC,22871113
UBC,WARS,22871113
DPYSL3,UBC,22871113
UBC,VPS26A,22871113
DACT3,PRKCA,21718540
ARHGDIA,UBC,22871113
DYNLL1,UBE2K,14760703
SYNJ2BP,UBC,22871113
ADCY9,UBC,22871113
ARL2,UBC,22871113
UBC,UBQLN2,22871113
CDC20,CDC27,22045811
FEM1B,PPM1F,11559703
UBC,UBQLN1,22871113
ATP6V1E1,UBC,22871113
FCHO2,ITSN2,20448150
ITGB1,PTK2,16935300
RAB6A,UBC,22871113
SMPD3,UBC,22871113
ABL1,AGTR1A,16151024
PDCD6IP,UBC,22871113
CASK,CASKIN1,12040031;19523119
ESR1,STUB1,21808025
CD2AP,RET,18753381
EGLN3,WDR83,16407229
NME2,UBC,22871113
CASKIN1,NRXN2,19523119
CYP1A1,HSP90AA1,19401463
PSMC6,UBC,22871113
PI4K2A,UBC,23146885
GCM2,UBC,22871113
AMPH,AP2A1,9259551;16903783;11382783
AMPH,AP2A2,8552632;10430869;17762867
DDB1,UBC,22871113
EPS15,SGIP1,19713939
PLXNB1,RND3,14732713
AKT1,SMAD3,16362038
TIMM8B,UBC,22871113
NTRK1,UBC,18419753
MAP2,MARK1,8631898
CBFB,RUNX2,20197312
KCNA6,UBC,22871113
RHOA,TTC3,17488780
PKN1,ZFAND6,11054541
HIP1,UBC,22871113
CYP3A62,UBC,20819951;12626652
DNM1,GRB2,9259551
SKIL,SMURF2,20386537
REN,TSC1,10807585
IRS1,SQSTM1,22761437
NPLOC4,UFD1L,10811609;22232657
ARHGAP9,MAPK1,17284314
EIF5A,MVK,20167237
ABCD3,ARF6,19686593
C2,PSMD14,9688553
DLG4,GRASP,12586822
APBB1,NEDD4L,19381069
RARA,SP1,22337869
SHC1,SOS1,12008030
GABARAP,GABRG2,10900017
GABARAP,GABRG1,10900017
BAIAP2,EPS8L1,14596909
JAK2,STAT5A,12538627;10757801
NEDD8,UBC,22871113
PEX19,PXMP2,11590176
DACT2,P120CTN,21718540
SMAD3,ZEB1,16824956
NXF7,RAD23B,19182904
EPS15,GRIA1,25023288
TEKT2,UBC,22871113
LDHA,UBC,22871113
GPR37L1,UBC,22871113
CLIC4,DNM1,11563969
GIT1,PXN,12153727
LAPTM4A,UBC,22871113
CCNG1,MDM2,11983168
DACT3,DCO,21718540
APBA1,SNAP25,9395480
UBA3,UBC,22871113
CASKIN1,SIAH1,19523119
PSMC1,UBC,22871113
CALM1,GLP2R,15670850
CYP51,UBC,22871113
ALDOA,DYNLL1,14760703
PSMD14,UBLCP1,21949367
CDC20,MAD2L1,22100920
PSMC3,PSMD7,10657252
ANPEP,LMNB1,9305626
SLC17A7,UBC,22871113
GATA4,SRF,12530967
CCNG1,TP53,11983168
MAPK1,SCNN1G,11805112
MAPK1,SCNN1B,11805112
HES1,PARP1,15607978
SLC24A2,UBC,22871113
DACT1,GSK3A,21718540
DPYSL2,KATNA1,23904609
ATP2B1,UBC,22871113
E2F1,GSK3B,18367454
ITGB2,P2RX7,11707406
CSDA,RALA,15592429
CALCR,CALM1,15670850
AUP1,UBC,22871113
HERC1,RAD23B,19182904
RNF111,SKIL,20386537
DYNLL1,GPHN,14760703
PFKP,UBC,22871113
DYNLL1,PARD3,14760703
SIRPA,UBC,22871113
AGTR1A,GNAQ,17498700
CHEK2,TP53,18162465
MAGI3,NLGN1,15458844
KHDRBS3,SRSF9,11118435
MAGI3,NLGN2,15458844
DAPK3,PAWR,10580117;10602480
AGAP2,HOMER2,14528310
EHD2,SLC2A4,15182197
MAPT,UBC,22871113;23906983
AGAP2,HOMER1,14528310
MYL1,UBC,22871113
INSR,PTPLAD1,25687571
CBL,SH3KBP1,16177060
GPR56,UBC,22871113
PRKCA,SNCA,10407019
HOMER1,TANC1,15673434
CAMK2A,LBR,8598227
L1CAM,TOB2,16554297
MAP1LC3A,TUBA1A,7908909
PHKG1,UBC,22871113
DPYSL2,TUBA1A,12134159
STAM,UBC,22871113
KATNA1,RUFY3,23904609
SIPA1L1,UBC,23850969
NADSYN1,UBC,22871113
CFTR,PRKAA1,10862786
GJA1,PRKCA,10871288
SMURF2,TGFBR1,17347560;20386537
CFTR,PRKAA2,16844684
GRM8,PIAS4,16144832
LRRN1,UBC,22871113
CSNK2A1,GRIN2B,8940188
GRM8,PIAS1,21288202;16144832
GRM8,PIAS3,21288202
GRM8,PIAS2,16144832
GMEB1,UBE2I,11812797
GAD1,UBC,20405034
NEDD4,RAP2A,20159449
RALA,UBC,22871113
RAD23B,USP14,19182904
NUAK1,USP9X,18254724
C2,PSMA3,9688553
C2,PSMA5,9688553
C2,PSMA6,9688553
DCTN2,RAD23B,19182904
FNBP1,WASL,14732713
NGFR,PSEN1,19549834
MIB1,UBE2D2,25931508
HDAC1,HR,12403844
DLGAP2,GRIN2B,7569905
JAK2,SOCS1,14522994
ARC,UBC,22871113
MAP1B,UBC,22871113
RAD23B,RGD1560349,19182904
HYOU1,PDIA4,9006956
PSME1,RAD23B,19182904
GDI1,UBC,22871113
RAC1,TNFRSF12A,14573547
MAPK1-B,PRKCZ,8026469
CAMK2A,RAD23A,20178748
NRP1,VEGFA,17983687
STX5,STXBP1,9395480
UBE2B,UBR2,20080676
MDM2,SLC14A2,18784257
JAK2,STAT1,12538627
USP5,VCP,19182904
ITPR2,UBC,10191279;21071436
NDFIP1,UBC,22871113
KISS1,KISS1R,11457843
CDK2,KRAS,22045811;11384971
ACSBG1,UBC,22871113
ARAF,HRAS,9679960
RASSF1,SKP2,19533683
GRM6,PIAS3,21288202
GRM6,PIAS1,21288202;16144832
MRS6,RAB3A,12972569
P4HB,SOD1,23061969
ARL6IP5,UBC,22871113
STX7,VAMP8,11101518
CTNNBIP1,UBC,22871113
NFYA,SP1,11022037
NDN,RTN4,19386232
BAIAP2,MAGI2,14596909
UBC,UBE2L3,22871113
NLGN2,PDZRN3,15458844
JUN,SMARCD1,11053448
HSPA4L,UBC,22871113
APBA1,CASK,9753324
CACNA1B,UBC,22871113
PKM,UBC,22871113
JDP2,PGR,12101239
PSMC2,TBP,10526239
IRS1,PIK3CG,12538627
RAD23B,THBS4,19182904
STX1A,VAMP2,21266332;22411134
ANKS1B,UBC,22871113
LYN,PDE4D,10571082
SHARPIN,UBC,22253853
SPTAN1,TANC1,15673434
NGFRAP1,TSC1,17355907
DYNLL1,TUBB2B,14760703
BLES03,UBC,22871113
KCNA5,PRKCZ,17699685
HTT,NCOR1,10441327
NEDD4L,TNK2,19144635
DYNLRB1,UBC,22871113
DYRK1A,MAP3K5,22110360
ERLIN2,NCSTN,22771797
MAPKAPK2,TSC2,12582162
FIS1,UBC,22871113
EP300,GTF2B,10893273
DLG4,PDZK1,12063253
UBC,UBL7,22871113
GPHN,MTOR,10325225
CACNA1C,TRIM13,21186355
PLCG1,SNAP91,11779129
CTSD,NTRK1,18419753
ELOVL2,UBC,22871113
UBC,USP25,22871113
GDI2,UBC,22871113
AATF,DAPK3,10580117;10602480
MAP2K2,RGS12,17380122
AMPH,UBC,22871113
AP2A2,EPS15,10430869;17762867
SDCBP,SDCBP2,11152476
PACSIN1,UBC,22871113
RAD23B,UBR4,19182904
LPPR4,UBC,22871113
ESR1,NEDD8,21808025
BCL2L11,DSK2,21378313
GRN,LEP,11068878
HMOX1,UBC,21073519
ARRB2,MLNR,12393857
EIF2S2,EIF5,9395514
DLGAP1,UBC,22871113
ARRB1,GNRHR,11278883
DOK1,RASA1,11970986;7503985;12008030
FCER1G,MAPK1,19356729
BCAR1,PIK3R1,12692262
GRIA1,MYO6,12050163
RNF4,UBC,22842904
PCYT1B,UBC,22871113
PRKCE,SNCA,10407019
DMD,SNTA1,16935300
PPP1R9A,TGOLN2,10514494
DLG4,STXBP1,9395480
RPS27A,UBC,22871113
RQCD1,ZNF335,18180299
TUBB5,UBC,22871113
ARRB1,TRPV4,20650893
CDC37,MAPK7,23428871
MAP2K2,MAPK1-B,8026469
PSAT1,UBC,22871113
KCNB1,STX1A,22411134
ITGB1,TLN1,16935300
GRM4,UBE2I,21288202
SYT1,UBC,22871113
EEF1A1,RAD23B,19182904
SQSTM1,UBC,18174161
EP300,GATA4,20081228;15220332
SDC4,UBC,22871113
RAC1,TUBB2B,8631991
PRKACA,UBC,22871113
KCNQ3,UBC,17322297;22871113
APP,NGFR,19549834
HSPA5,PDIA4,9006956
CREB3L2,UBC,22705851
BCL2L11,TRIM2,21478148
SLC4A3,UBC,22871113
KATNA1,MAP2,23904609
ANPEP,VIM,9305626
CREBBP,RBCK1,15833741
CDKN1B,RCHY1,21959983;21728064
CUL3,UBC,22871113
SMAD2,SOX9,16109717
CADM3,UBC,22871113
SEPT7,UBC,22871113
OLR1644,UBC,22871113
ID3,TCF3,10567574
ACTB,DYNLL1,14760703
TUBA1A,UBC,22871113
PSMD9,TCF3,10567574
AP2A2,EPN1,10430869;12234931;17762867
HBB,UBC,22871113
ATXN10,OGT,16714295
RET,UBC,16525057
EFNB2,PSEN1,16511561
PSMD13,UBC,22871113
PHYHIP,UBC,22871113
CNN1,PRKCA,17487264
HNF4A,MECR,9795230
PRKCG,UBC,22871113
PAFAH1B1,UBC,22871113
PRKCZ,SLC40A1,10477520
EIF2B5,PPP1CA,12624094
DNM1,FCHO2,20448150
EIF4A2,UBC,22871113
TUBB2A,UBC,22871113
PSME3,RAD23B,19182904
GK,UBC,22871113
ADRB2,PRKCG,10753752
SUMO1,TOLLIP,19198660
HSPA12A,UBC,22871113
ACTA1,CNN1,17487264
PSMC3,PSME3,10657252
MAPK1-A,PRKCZ,8026469
CREBBP,POU1F1,9973256
GJC2,UBC,22871113
DACT1,PRKACA,21718540
KAT2B,PARP1,15607978
CCNA1,CDH1,11340163
APOE,UBC,22871113
NR3C1,UBE2I,11812797
DNM1,PPP3CA,14704270
ITPR1,SPTAN1,14593108
SIAH1,SNCAIP,15064394;14506261
MARCH2,STX6,15689499;16428329
NUTF2,UBC,22871113
DACT3,VANGL2,21718540
DACT3,VANGL1,21718540
PGK1,UBC,22871113
INPP5D,SHC1,11970986;12008030
SUMO1,TP53,19819240
TUT1,UBC,22871113
RNF141,UBC,22871113
NSF,UBC,22871113
NEFM,STUB1,21219885
UBXN2B,VCP,17141156
CEND1,UBC,22871113
GRM1,HOMER3,9808458;22486777
GRM1,HOMER2,9808458
GRM1,HOMER1,9808458
TRIM28,UBC,22871113
RPL13A,UBC,22871113
PSME4,RAD23B,19182904
PIAS4,SS18,21454665
PSMD3,RAD23B,19182904
PLCB1,SRSF3,23665500
SEPT3,UBC,22871113
DLG4,DLGAP1,10433268
CSPG4,MPDZ,10967549
NME1,UBC,22871113
CREB1,UBC,20346417;16782881
HSPA8,HSPBP1,15215316
CSNK1A1,UBC,22871113
PRKCD,TIRAP,17161867
SLC6A1,UBC,22871113
DNM1,UBE2I,15123615
PRKCB,UBC,22871113
CALM1,GLP1R,15670850
PPP2R1A,UBC,22871113
NEFM,UBC,22871113
ANKRD13A,UBC,22871113
CUL4A,TCEB1,19037258
CUL4A,TCEB2,19037258
CUL4A,TCEB3,19037258
CCNA1,HIST1H1A,9344597;14985333
PARP1,TLE1,15607978
DYNLL1,GLUD1,14760703
PPL,UBC,22871113
EGFR,SHC1,9722539;12218049
HSPA5,TG,9006956
KLF6,MEF2D,22357862
LRRC57,UBC,22871113
MPRIP,UBC,22871113
SLC12A3,WNK3,24920754
NLGN1,PDZRN3,15458844
GLTP,UBC,22871113
MARCH3,UBC,16428329
DYNLL1,MDH1,14760703
DLG3,NLGN2,15458844
DLG3,NLGN1,15458844
RAB3C,UBC,22871113
SLC8A1,SPTBN1,14593108
MYO6,PAK3,11517222
SLC6A11,UBC,22871113
AP2B1,CLTC,16903783
FLCN,PRKAA1,19914239
HRAS,NTRK1,17380122
RPL30,UBC,22871113
RBM8A,STAU2,15970630
ESYT1,UBC,22871113
CACNB1,NEDD4L,19953087
SCCPDH,UBC,22871113
PRKCZ,RBCK1,9514928
KPNA2,PLCB1,23665500
DBI,UBC,22871113
KIT,UBC,22871113
HMGCR,UBC,22871113
GSTM3,UBC,22871113
HMGB1,UBC,22871113
GRIP1,IGSF4,15458844
NPM1,PARP1,15607978
CORO1C,UBC,22871113
SLC1A3,UBC,22871113
HSPA9,SNCA,16854843
IRS1,PIK3R1,12594288;12960006;7539611;9415395
DOK1,NCK1,11489946
IRS1,PIK3R2,11120660
DYNC1H1,DYNLL1,14760703
CAMK2B,PCM1,21725312
ARRB1,MLNR,12393857
BCKDHB,BCKDK,1377677
DYT10,PICK1,11237868
MSN,UBC,22871113
HSPA8,TTC1,10567422
CAMK2A,PSMA2,19638347
STXBP5,SUMO3,21330375
SCNN1G,UBC,24093724
SYT11,UBC,22871113
MAGI2,SDK2,15458844
CYP1A1,HSPA4,19401463
MATN2,THBS4,10956668
DCTN2,DYNC1I1,21911489
DLG4,SDK2,15458844
EXOC6B,UBC,22871113
BRAF,RGS12,17380122
IGBP1,PPP2CA,20544796
DOK1,SYNGAP1,11489946
CYLD,NTRK1,18174161
CDC27,CDH1,11340163
DRD1,GRIN2A,12408866
CALM1,CSNK2B,8206911
ACTC1,ATXN3,19666135
GJA1,NFKBIA,15777848
MAP6,UBC,22871113
MAPK1,RAC1,19356729
TRAPPC5,UBC,22871113
RPS21,UBC,22871113
EPN1,USP9X,14657369
DLG1,UBC,22871113
DLG4,PDZRN3,17118964
DLGAP2,GRIN2A,7569905
HIPK1,TP53,12702766
DCTN2,UBC,22871113
PLP1,UBC,22871113
DLGAP2,GRIN2D,7569905
AARSD1,UBC,22871113
CUL5,TCEB1,19037258
ELAVL2,UBC,22871113
BIN1,DNM1,9195986;15126636;9182529
NRGN,UBC,22871113
HSP90AA1,STK11,12489981
SLC4A2,UBC,22871113
PTK2,SORBS1,19116150
PTK2B,SOS1,7544443
INSR,PLVAP,25687571
CAMK2G,LRRC7,11160423
NTRK1,RAB7A,18419753
PRKAB1,RAF1,9091312
HIST1H1C,PRKCG,3111527
KRAS,UBC,19533683
MDM2,PPARA,19103650
DLG4,UBC,14642282;22871113
APP,NAE1,14557245
BRDT,ELAVL1,22215678
RBX1,RPS6KB1,18279656
INSR,IRS1,11342531
GRM5,SIAH1,10469171
CHD6,NFE2L2,16314513
ACTA1,KLHL17,12063253
BAD,YWHAB,18779656
FAF1,TRPV1,16510717
MAP3K3,YWHAH,12650640
CRTC2,SIK3,22588126
CRTC2,SIK2,22588126
TTC9C,UBC,22871113
STXBP5,SUMO2,21330375
ARRB2,RAF1,17666399
MAP3K3,YWHAB,12650640
MAP3K3,YWHAE,12650640
MAP3K3,YWHAG,12650640
MAP3K3,YWHAZ,12650640
RAD23B,UBE3A,19182904
DNM1,ITSN1,9813051
MAP3K3,YWHAQ,12650640
EHD4,UBC,22871113
EIF2B5,NEDD4,23707720
INA,UBC,22871113
SAFB,U2AF1,9671816
KAT2B,TNP2,19710011
RBL2,SKP2,19533683
CACNA2D1,SLC8A1,14593108
EFNB2,NCK2,16511561
MYO6,NTRK2,16819522
DLG3,UBC,22871113
GADD45B,SREBF1,24425205
EIF2B5,UBC,23707720
GDU3,MGRN1,24036454
NSG1,UBC,22871113
PRKCG,TRAF6,16079148
PSMC2,PSMC5,10526239
ACTR2,UBC,22871113
NMU,NMUR2,10894543
NMU,NMUR1,10894543
ACVR1,UBC,22871113
CAV1,STRN4,11707266
TBCC,UBC,22871113
CAV1,STRN3,11707266
MAPK7,STUB1,22267842
FGF7,FGFR2,11042206
DGKZ,RBL2,16286473
HBA1,UBC,22871113
TALDO1,UBC,22871113
UBC,XPNPEP1,22871113
GRB2,IRS1,12960006
PITPNA,UBC,22871113
CASKIN1,MYO1B,19523119
HK3,PTGDS,11068878
CTNNB1,UBC,15371442
KSR1,MAP2K1,10409742
KSR1,MAP2K2,10409742
APC,AXIN1,10330181;16815997
ANK2,ATP1A1,14593108
ARPC1A,EXOC7,17086175
PITX2,POU1F1,9685346
RAD23B,UCHL5,19182904
GRB2,IRS2,12960006
FOXM1,HIF1A,24478626
CEBPG,E2F4,12757710
GABRA2,UBC,22871113
PLA2G4A,VIM,10625659
ATR,TP53,18162465
LOC366310,NCBP2,15574332
ATF2,CEBPB,9139739
ATF2,CEBPA,9139739
FMR1,UBC,22357842
APOB,CELF2,11577082
DACT3,DSH,21718540
HIST1H1A,PRKCE,11118818
CAMK2A,HES1,15607978
ADRBK1,HDAC5,16221676
TMEM176B,UBC,22871113
OCRL,RAB14,16902405
CAMLG,TMUB1,22426572
MARCH2,UBC,16428329
CSK,SRC,16511561
PEX1,PEX26,21980954
MDH1,UBC,22871113
RPL6,UBC,22871113
ACTB,BRDT,22215678
DACT1,DACT2,21718540
DACT1,DACT3,21718540
GNB2L1,UBC,22871113
ABCG1,UBC,22871113
HK2,IGFBP4,11068878
PARP1,SFPQ,15607978
PSMC5,RAD23A,20178748
CRK,PXN,11146548;9348226
KDM1A,MYC,20418916
CAV3,DLG1,15277200
RPL9,UBC,22871113
DDI1,UBC,22871113
HIST1H4B,RNF4,11319220
SYT5,UBC,22871113
PLLP,UBC,22871113
AWP1,UBC,21980954
DNAJB1,HSPA8,9920933
SLC14A2,UBC,18784257
KLF4,SMAD2,20375011
KLF4,SMAD3,20375011
SYNGR1,UBC,22871113
RASSF1,UBC,19533683
C2,PSMC4,9688553
PCNA,TNFAIP1,15726626
C2,PSMC2,9688553
C2,PSMC3,9688553
C2,PSMC1,9688553
HOMER2,ITPR1,9808459
RPL4,UBC,22871113
GSN,UBC,22871113
GNB5,UBC,22871113
CAND2,TBP,10441524
CAV2,MLC1,19931615
MBP,PTPN6,17068200
MAPK1,PRKCA,20181831
DNAJB4,UBC,22871113
GPR37,PICK1,24749734
SIK3,YWHAZ,22588126
ATG12,ATG3,18321988
SKP1,UBC,22871113
THRB,ZNHIT3,7776974
FRY,GRASP,12586822
APBB1,APP,9045663
NUP54,NUP62,24574455
CALM1,TSC1,15851513
ANK3,ATP1A1,14593108
CALM1,NOS3,12574113
CLASP2,CLIP1,11290329
CLTA,DAB2,12234931
MLC1,SNTA1,19931615
ADAM15,SGIP1,22167186
TOMM40L,UBC,22871113
NUP62,STAU2,15970630
PSMD3,UBLCP1,21949367
TCEB1,VHL,9341197;9122164;7660122
PIK3CA,PIK3R1,10860857
CFL1,UBC,22871113
CBL,LYN,14531861;8627181
AMPH,TNK2,19144635
MYO1D,UBC,22871113
HSPA4,PEX5,11415446
NCL,SNCA,16854843
GRM1,SIAH1,10469171
ACTB,UBC,22871113
TKT,UBC,22871113
DNM1,UBC,22871113
CALY,UBC,22871113
NECAP1,SYNJ1,17762867
BIN1,UBC,22871113
DLG4,NLGN1,15458844
DLG4,NLGN2,15458844
CNTNAP2,KCNA2,10624965
CDC42,UBC,22871113
GORASP1,UBC,21572988
PDIA4,TG,9006956
LMNA,UBC,22871113
ATP2A2,SLC8A1,14593108
EHD2,PICALM,15182197
MARCH2,VAMP4,15689499
FASN,RAD23B,19182904
CNP,UBC,22871113
TNFRSF8,TRAF5,8999898
MED1,THRB,7776974
EIF2B5,PPP1CC,12624094
RAN,RANGAP1,8978815
ELAVL4,UBC,22871113
SLC6A9,UBC,22871113
UBC,UBR4,22871113
AP2A1,SCYL1,16903783
SUMO3,TRIM28,22082260
CBL,SPRY2,20029031
CDK4,RASSF1,19533683
RAB3A,RPH3AL,11134008
PSMC5,PSMD7,10657252
FBXW8,GORASP1,21572988
RPL19,UBC,22871113
PDE4D,SRC,10571082
PARD3,SMURF1,17906294
SAFB,TRA2B,9671816
CLTC,DAB2,12234931
PARD3,SMURF2,17906294
RAD23B,TGM1,19182904
RAD23B,TGM3,19182904
NRIP1,PPARA,9626662
STK11IP,UBC,22871113
IL1RAP,TOLLIP,19198660
PIAS4,SUMO1,21454665
AMBRA1,PARK2,24879156
CSNK1D,SID4,24055157
MYC,UBC,18779656;15048125
UBC,YWHAB,22871113
MAPRE2,UBC,22871113
GABBR1,UBC,22871113;24114844
BAG1,STUB1,21808025
SH3GL1,SORBS2,15659545
ATXN3,RT1-A2,19666135
TCF3,UBE2I,9013644
MDK,RAF1,9679960
CAMKK2,PRKAA2,16054096
CALR,TAP2,10508608
CALR,TAP1,12047747
MBP,PRKCA,8947489
MVK,UBE2I,20167237
ACTR1B,UBC,22871113
CSNK1G1,UBC,22871113
PIK3R1,THRA,16717100
CRH,CRHR2,9423932
CRH,CRHR1,9423932
GRIK2,KLHL17,17062563
NAPG,UBC,22871113
ATP1A3,SPTAN1,14593108
NEDD4,SLC6A3,16885233
DLG2,SDK2,15458844
HERC2,UBC,22871113
ELK1,SRF,16987998
RAD23B,TTLL1,19182904
NSFL1C,UBC,12411482
NTRK1,SHC1,16246731
GNG7,UBC,22871113
ACP6,UBC,22871113
CAMKV,UBC,22871113
CDC37,KSR1,10409742
ATM,TP53,18162465
HOMER1,SHANK3,10433269
HOMER1,SHANK1,10433269
ANAPC4,UBC,22871113
TACR1,UBC,16849335
RPL3,UBC,22871113
CDKN1B,SKP2,17873289;19533683;19852587
PRKD1,UNC-18,22593072
CAND1,TBP,10526239;8954946
SREBF1,UBA52,24425205
NUP62,NUTF2,10543952
CRHR2,UCN,8612563;11416224;9423932
PDGFRB,SH2B1,12551917
RIMBP2,UBC,22871113
FCHSD2,GRASP,12586822
STX6,UBC,22871113
HSP90AA1,LYN,19356729
PSMD10,RB1,11301474
KATNA1,PGK1,23904609
DTNA,MLC1,19931615
CAV1,CAV2,16904002
BIN2,TNK2,19144635
FOXO1,MDM2,21281824
MARCH2,MARCH3,16428329
KCNAB1,SLC40A1,10477520
EPS15,NECAP2,17762867
EPS15,NECAP1,17762867
ADRBK1,AKT1,16142243
NEDD4,PTEN,20100827
EPOR,JAK2,11493922
CIT,TTC3,17488780
CRKL,MAPK8,9710592
PSMD13,PSMD4,23831032
CAMK2A,UBC,22871113
BCAT1,UBC,22871113
ESR1,NR0B2,10648597
ACTA2,KLHL1,16982692
PRSS56,UBC,22871113
DDAH2,UBC,22871113
GDU5,MGRN1,24036454
CUL3,TCEB2,19037258
CUL3,TCEB1,19037258
DACT3,VANG,21718540
MAP3K14,PEBP1,11585904
RAN,UBC,22871113
SLC1A2,UBC,22871113
HSP90AB1,MAPK7,23428871
ACTB,PLD2,11373276
ACTB,PLD1,11373276
CCNA2,LMNB1,9053846
RAD23B,TPI1,19182904
KLF4,RARA,22337869
ITCH,UBC,22871113
NSFL1C,RAD23B,19182904
DACT1,PRKCA,21718540
UBC,UBE2O,22871113
UBC,UBE2N,22871113
AP2B1,SCYL1,16903783
ADCY7,UBC,22871113
IKBKB,PEBP1,11585904
EPB41L2,SPTAN1,11274145
CSNK1D,SNAPIN,17101137
DPYSL4,UBC,22871113
ATXN3,VCP,19666135
ADORA2A,DRD2,19632986
MYOM1,RAD23B,19182904
HIF1A,MDM2,19950214
PLCB2,WDR26,23625927
HSP90AA1,KATNA1,23904609
PPP3CA,SYNJ1,14704270
CHIC2,UBC,22871113
RNF111,SKI,20386537
PSMD12,UBLCP1,21949367
BUB3,MAD2L1,22100920
ACTN1,PDLIM2,15505042
MARCH2,STX12,15689499
AKAP5,GRIN2B,10939335
CBX4,GRM8,21288202
ATP1B1,FXYD7,12093728
CDK5R1,CDK5RAP1,10721722
ERLIN2,PSEN1,22771797
HSP82,NR3C1,18829866
CBX4,GRM4,21288202
ACTN1,SPTBN1,11274145
CASK,NPHS1,15331416
CBX4,GRM7,21288202
CAMK2D,UBC,22871113
EZR,UBC,22871113
OCRL,RAB1A,16902405
ANXA5,UBC,22871113
HSPA1A,KATNA1,23904609
ATP1A2,SPTBN1,14593108
BASP1,UBC,22871113
HSPA9,PARK7,16854843
ATXN3,SACS,19666135
LRRC8E,UBC,22871113
FCHO2,ITSN1,20448150
DLGAP1,SORBS2,10521485
GAPDH,UBC,22871113
EFNB2,SDCBP,15458844
ACO1,UBC,22871113
BTRC,SIPA1L1,23850969
NSFL1C,VCP,12847084;10811609
CUL3,KLHL17,17062563
AMPH,SYNJ1,9195986
DLG4,GRIN2A,8601796
DLG4,GRIN2B,9581762;8601796
GOPC,GRM5,19860857
IRS1,PHIP,11018022
NPHS1,TJP1,15331416
ERBB3,RPL13A,10095121
CAMK2B,DACT1,21718540
CAMK2B,DACT2,21718540
ARVCF,UBC,22871113
CCND3,CDKN1B,8822197
HSP90AA1,WASL,15791211
CAMK2N1,GABRR1,12175859
NCL,PARP1,15607978
CALM1,PTH2R,15670850
GABBR2,UBC,22871113;24114844
NACC1,SREBF1,24425205
PDIA4,THBS1,9006956
LMNB1,PRKCA,2023931
DUSP15,UBC,22871113
YIPF3,YIPF4,21757827
HSPA5,HYOU1,9006956
CCAR1,SREBF1,24425205
CKMT1B,UBC,22871113
NCU02250,TOMM20,21173275
ATP1A2,SPTAN1,14593108
CSNK1G3,SNCA,11744621
HYOU1,THBS1,9006956
PTRF,UBC,22871113
DNM1L,UBC,22871113
AP2A1,SNAP29,11423532
TAP2,TAPBP,10508608
HSPA4,UBC,22871113
DLG4,SHANK1,10433268
CAMK2A,PSMC5,19638347;20178748
BACE1,UBB,19844237
CDK5,UBC,22871113
ALDOA,UBC,22871113
BRF1,RB1,16407335
C2,PSMB6,9688553
PEX26,PEX6,21980954
EXOSC8,UBC,22871113
JUN,RNF187,20852630
KCNC2,UBC,22871113
SLC39A3,SPG20,21707618
GLRB,GPHN,12967995;16449194
SREBF1,TBX3,24425205
DMD,TLN1,16935300
NCOA4,NR3C1,9892017
DTNB,MLC1,19931615
GRIN2B,PRKCG,11306676
AXIN1,GSK3B,10330181
IGFBP4,LEP,11068878
CACNG8,UBC,22871113
MAD2L1,MAD2L1BP,22100920
DACT2,DCO,21718540
CEBPB,CREBBP,15722556;20452968
FRAS1,GRIP1,14730302
APOA1,LCAT,1587806
SLC4A4,UBC,22871113
ESR1,TSC2,15039427
RNF20,SREBF1,24425205
HSP90AA1,PRKCD,19356729
EIF4E,EIF4G1,16010989;16236269
NR3C1,STUB1,24334056
CEACAM5,HNRNPM,11406629
ACTN4,PDLIM2,15505042
RAD23B,VIM,19182904
TOLLIP,UBE2I,19198660
SLC14A1,UBC,22871113
RPN2,UBLCP1,21949367
ELL,POLR2B,9268387
ELL,POLR2C,9268387
ELL,POLR2A,9268387
ELL,POLR2F,9268387
CDKN1B,UBC,19533683
ELL,POLR2D,9268387
ELL,POLR2E,9268387
ELL,POLR2J,9268387
DYNC1I1,UBC,22871113
AKT1,MS4A2,19356729
ELL,POLR2I,9268387
ELL,POLR2L,9268387
DACT1,P120CTN,21718540
RHOG,UBC,22871113
PLK2,VPS33A,16203730
GOT1,UBC,22871113
EGFR,HSP90AA1,19356729
PRKAR2B,UBC,22871113
RPSA,UBC,22871113
PLXNB1,RND1,14732713
DACT2,DVL2,21718540
DACT2,DVL3,21718540
TUSC2,UBC,22871113
DACT2,DVL1,21718540
DLG2,NLGN2,15458844
ERBB3,UBC,22871113
UBA52,USP46,22043315
CD2AP,NPHS1,15331416
INSR,SOCS6,11342531
PKM,RAD23B,19182904
INSR,SOCS1,11342531
GPD1,UBC,22871113
AR,DAXX,15350595
FAIM,XIAP,24305822
EHD1,SNAP29,11423532
CIT,LOC462444,19790105
HOMER3,PSMA2,22486777
SYNJ1,UBC,22871113
DCUN1D1,UBC,22871113
GCK,MIDN,24187134
THRB,TRIP4,7776974
PIK3C3,VMP1,23316280
THRB,TRIP6,7776974
MEP1B,OS9,12093806
CAP2,UBC,22871113
ANP32E,UBC,22871113
EGFR,GAB1,12218049
CAV1,STRN,11707266
DHX36,HDAC4,21590736
GIPC1,RGS19,9770488
DPYSL5,UBC,22871113
FABP4,TNK2,19144635
MAPK7,RPS6KA1,22267842
CTNNB1,DACT2,21718540
CTNNB1,DACT3,21718540
GSPT1,UBC,22871113
CEBPA,SUMO1,23639777
AMPH,BIN1,15126636
RARA,SUMO2,19850744
FCER1G,PRKCD,19356729
SORBS3,SRCIN1,18662323
EPAS1,UBC,12675925
KATNA1,MAPRE1,23904609
GJA1,PRKCG,10871288
JAG1,NOTCH1,19503073
CALM1,CRHR1,15670850
GJA1,PRKCB,10871288
NOS1,STUB1,22128174;24186360
FZD2,ROR2,12839624
CCDC82,UBC,22871113
MAGOHB,STAU2,15970630
ARPC5,WAS,17086175
HMGB1,PRKCA,10617144
HMGB1,PRKCB,10617144
NUTF2,RAN,8757804;10567585
HMGB1,PRKCD,10617144
HMGB1,PRKCG,10617144
AP2A1,DAB2,12234931
IL1RAP,UBC,22871113
AGER,S100B,19910580
CDKN1C,UBC,19533683
DPYSL2,UBC,22871113
RAD23B,UFD1L,19182904
PFKL,UBC,22871113
ARF6,CYTH2,21276423
GJA1,NEDD4,16931598;21936631;24236122
BTG2,PICK1,11237868
SLC8A1,UBC,22871113
RBSN,VPS45,19931244
HSP90AB1,UBC,22871113
PHGDH,UBC,22871113
PSMB5,UBC,22871113
AP2A2,DAB2,12234931
SLC9A3R1,UBC,22871113
EGFR,PRKCA,8947489
RTN4IP1,UBC,22871113
ATP1A2,ITPR1,14593108
GCH1,GCHFR,9685352;9092499
CAMK2A,GRM4,15494036
ARRB2,CLTC,17666399
FCGR2B,INPP5D,11970986
NUP62,OGT,17882263
CNKSR2,UBC,22871113
ADORA2A,CALM1,19632986
QK,UBC,22871113
DACT2,VANGL1,21718540
DACT2,VANGL2,21718540
CITED1,CTNNB1,15843474
CX3CL1,UBC,22871113
EEF1A1,UBC,22871113
SCN2A,SCN4B,12930796
DLG4,KCNA4,9581762;10433268
DAXX,TOLLIP,19198660
PHLPP1,UBC,22871113
PSMD1,UBC,22871113
CTNND2,UBC,20623542
DYNLL1,MAP1LC3B,14760703
NR3C1,SSC1,18829866
SLC6A3,SNCA,17873367
BTRC,PER2,18782782
SCNN1G,UBE2I,14556380
KCNAB2,KHDRBS1,15062979
APBA1,STX1A,9395480
TUBB4B,UBC,22871113
HCN2,UBC,22871113
MERTK,UBC,22871113
SIAH1,SYP,11786535
MTOR,STAT3,12796477
C2,S8,9688553
ATIC,INSR,25687571
AP2A2,UBC,22871113
HK3,LEP,11068878
SNCA,UBC,22871113
ABCD3,UBC,22871113
STX1B,UBC,22871113
CTNNB1,CTNND2,20623542
TNNC1,TNNI3,12501194
DLGAP2,MAP1A,9786987
APBA2,STXBP1,9395480
DCTN1,DYNC1I1,21911489
ANK2,ATP1A2,14593108
ANK2,ATP1A3,14593108
PDC,UBC9,16421094
MBP,PRKACA,8647104
RAB15,RABIF,12105226
NLGN2,SIPA1L1,15458844
RAC1,UBC,22871113
TMEM106B,UBC,22871113
NLGN2,PICK1,15458844
HSP90AA1,PPARA,12962497
CACNA2D1,SPTBN1,14593108
EFNB2,SIPA1L1,15458844
FLNA,PDLIM2,15505042
UBC,VPS36,22871113
UBC,YWHAQ,22871113
CALM1,SCN2A,12967988
UBC,YWHAZ,22871113
SLC38A3,UBC,22871113
CDC20,YWHAE,19167333
GRPEL2,HSPA9,9694873
BCL2L11,UBC,21478148
UBC,YWHAG,22871113
UBC,YWHAE,22871113
NFKBIB,THRB,7776974
UBC,YWHAH,22871113
TP53,UBC,22046440;16330492
TRADD,UBC,19541932
EFNB2,PDZRN3,15458844
CCND2,KRAS,11384971
GRIA2,RGS3,15458844
AMPH,EPN1,11382783
CDH3,NPHS1,15331416
FHDC1,UBC,22871113
CNBPA,PRKACA,17166179
APBA1,STXBP1,9395480
RGD1307235,UBC,22871113
CAMK2A,LRRC7,11160423
EEF1A2,UBC,22871113
GNB1,NME2,12486122
GNE,ZBTB16,17118363
HMGN3,THRB,7776974
NLGN1,PICK1,15458844
AAGAB,AP2A2,10477754
GRASP,MAGI2,12586822
NEDD4,TNIK,20159449
ATP2B2,DLG4,11274188
ATP2B2,DLG1,11274188
RAB14,UBC,22871113
ATP2B2,DLG2,11274188
MMP11,STMN3,16401721
MMP11,STMN1,16401721
MYO5B,RAB11A,17507647
APBA2,STX1A,9395480
HSPA1A,STUB1,24186360
KAT2B,PTF1A,18834332
PRKCE,UBC,9447980
KIF5C,UBC,22871113
ARRB2,PARK2,21466165
CHRM1,UBC,22871113
PSMC3,RNF19A,19517565
AP2A2,SPTBN2,10477754
EHD1,IGF1R,11423532
ESR1,UBA3,11818503
SNURF,SP1,14988433
HIST1H4A,PRKACA,8647104
AP2M1,ARRB2,17666399
AP2A1,HSPA8,16903783
HNRNPL,KHDRBS3,11118435
RAB1B,UBC,22871113
NAP1L5,UBC,22871113
IGF1R,SNAP29,11423532
EP300,EPC1,19359245
GRB2,UBC,22871113
KLF4,YBX1,22337869
ADCY5,UBC,22871113
HSP90AA1,TGFBR2,22964853
ADCY3,UBC,22871113
RNF111,SMAD7,17347560;20386537
DLG1,GRIA1,12050163
PDE12,UBC,22871113
ARRB1,TRAF6,16378096
ENO1,UBC,22871113
FCHO2,RIN3,20448150
ARPC1A,WAS,17086175
SOCS2,SOCS3,16956890
RASGRF1,UBC,22871113
PSMA2,PSMC5,22486777
KCNJ10,MLC1,19931615
ANK2,SLC8A1,14593108
PRDX2,RAD23B,19182904
ABL1,GRB2,8663064
GNPDA2,UBC,22871113
LOC100360426,UBC,22871113
KCNA4,UBC,22871113
PACSIN1,SOS1,11352907
RAD23B,SQSTM1,19182904
PSMC5,TBP,10526239
EFNB2,EPHB1,8559144
BAIAP2,DLG3,14596909
BAIAP2,DLG1,14596909
TSC22D1,UBC,22871113
LAMTOR1,UBC,22871113
LIN7A,MARCH2,15689499
DNAK,GRPEL1,9694873
GRIN1,GRIN2A,12408866;7929101
BAG3,CRYAB,21423662
GRIN1,GRIN2B,20427654
NTRK1,RGS12,17380122
HDAC1,RBL2,15769944
ARL8B,UBC,22871113
HSP90AA1,TP53,9488468
E2F5,EP300,10783242
CCT7,UBC,22871113
EFS,PTK2B,9750131
NME1,PRKAA1,16026327
ADORA1,EPB41L2,12974671
UBE4A,VCP,10811609
GRIN1,GRIN2C,7929101
DLGAP2,UBC,22871113
MAPK1,PARP1,17244536
GRIK1,SDCBP,15458844
EIF4EBP1,MEC1,23934994
HSPA4,TP53,9488468
NTF3,NTRK2,1645620
STX7,UBC,22871113
RANBP2,UBE2I,17911097
NECAP1,UBC,22871113
CTNNA1,MIB1,25931508
BRAF,HSPA4,16116448
GRPEL1,HSPA9,9694873
TRIM23,UBC,22871113
MAGI1,SDK2,15458844
AP2A1,EPS15,16903783
GLRB,PFN1,12967995
CAMK2B,YWHAE,21725312
PEX5,USP9X,22371489
CLTA,VCP,8413590
DMD,ITGB1,16935300
EPN1,ZBTB16,10791968
HIST2H2BE,UBC,22871113
OPTN,UBC,22871113
DNMT1,ESR2,19683557
KHDRBS1,TRAF6,16079148
INSR,PRKAA1,25687571
INSR,PRKAA2,25687571
AHR,UBC,18078967
ACTB,CLIC4,11563969
AP2B1,EPS15,16903783
BECN1,VMP1,23316280
DYNLL1,GLUL,14760703
GRB14,INSR,9748281;25687571
CDIP1,UBC,22871113
GNAQ,UBC,22871113
CCNE1,HIST1H1A,9344597;14985333
LANCL2,UBC,22871113
HIST3H2A,TSPY1,16996029
CALM1,VIPR2,15670850
CALM1,VIPR1,15670850
UBC,UCHL1,22871113
PI4K2A,UBE2O,23146885
BCL2L1,UBC,12967636;22871113
KCNA2,KCNAB1,11401852
KCNA2,KCNAB2,10624965
OGT,TRAK2,12435728
AP2B1,ITSN2,16903783
AP2B1,ITSN1,16903783
MAP6D1,UBC,22871113
GABRR3,SQSTM1,12431995
CDKN1A,CEBPA,9372966
GRN,HK3,11068878
PNCK,UBC,22871113
GRIK1,PICK1,15458844
NGFR,NGFRAP1,17355907
EXOC7,WAS,17086175
PRDX1,UBC,22871113
RPS8,UBC,22871113
CRTC2,PRKAA2,22588126
NUP155,UBC,22871113
SYT3,UBC,22871113
MYH9,PDLIM2,15505042
ADRB2,AKAP5,10753752
PAM,UBC,16098968;22871113
MBP,PAK2,7592896
PAWR,TFPT,16229834
CNN3,MAPK3,20181831
CNN3,MAPK1,20181831
NXF1,STAU2,15970630
AP2A2,DENND1A,17762867
LOC687506,NRGN,8080473
MAGI1,NLGN2,15458844
MAGI1,NLGN1,15458844
SNTA1,SSTR2,10373412
GJA1,UBC,15371442;14970263;22871113;24236122
SIAH2,SYP,11786535
PAK2,UBC,22871113
KCTD10,POLD2,15982757
GIT1,SNX6,18523162
REXO1,TCEA1,12943681
HDAC5,YWHAE,15572669
COPS2,UBC,22871113
PSMA6,UBC,22871113
CAMK2B,RAD23A,20178748
CCNE1,CDK2,11384971;9344597
HDAC6,TUBA1A,19961433
MTFP1,UBC,22871113
TRAF2,UBC,24011916
HDAC4,REST,17011572
AP2A1,SEC23IP,16903783
H2AFY2,UBC,22871113
HRAS,RGS12,17380122
DYNLL1,UBC,22871113
PRKCZ,SQSTM1,12431995;20979579;9177193
BAZ1A,CEBPB,22242598
HES1,KAT2B,15607978
REEP2,UBC,22871113
NFKBIA,RAF1,8026469
LSS,UBC,22871113
AP3B1,PI4K2A,23146885
GABARAP,GPHN,10900017
NCOR2,NR3C1,15016838
NGFR,NTF3,18596692
DLG1,GRIN2B,8601796
DLG1,GRIN2A,8601796
GOLGA2,ZFPL1,18323775
KCNIP3,SUMO1,21070824
ADAP1,RANBP9,18298663
NR3C2,UBC,22871113
DAPK3,TPM1,10580117;10602480
NCOR1,NR3C1,15016838
ATP1A2,UBC,22871113
HNRNPA2B1,UBC,22871113
RPL24,UBC,22871113
CREB3L2,SYVN1,22705851
GRM5,SHANK3,10433269
INPP5D,MS4A2,11970986
EPS15,PARK2,16862145
DYNLL1,GRIN2A,14760703
NBR1,UBC,22871113
DLG1,KCNA5,15277200
CALM1,TSC2,15851513
CLTA,TNK2,19144635
KCNH7,UBC,22871113
ATP1A3,ITPR1,14593108
GNG13,UBC,22871113
CLTC,SNCA,16854843
KATNA1,STIP1,23904609
FYN,UBC,14531861
ARRB1,UBC,12167719
MAG,UBC,22871113
H3F3B,UBC,22871113
BAG1,ESR1,21808025
C2,PSMD7,9688553
HIST1H2BL,RNF4,11319220
C2,PSMD3,9688553
CAMK2A,GYS1,8280084
SCN1A,UBC,22871113
SYNPO,UBC,22871113
MAP2K1,PRKCZ,8026469
CDH2,UBC,22871113
CBL,MAP3K11,19546888
CEP83,GRASP,12586822
NEDD4,PI4K2A,23146885
ASTN1,UBC,22871113
NF1,VCP,22105171
ERLIN2,PSENEN,22771797
STX1A,UBC,22871113
PARD3,PRKCZ,17906294
BEGAIN,UBC,22871113
EFEMP1,UBQLN1,9268694
ARRB1,IGF1R,12167719
AP2M1,UBC,22871113
FAM214B,UBC,22871113
HNRNPK,UBC,22871113
CBL,SORBS1,19116150
BRF1,MYC,16407335
MAPK14,TAB1,21607062
MAP2,UBC,22871113
TMED1,TMED9,9472029
TPM3,UBC,22871113
ARG1,RAD23B,19182904
GRM8,SUMO1,21288202;16144832
MAGI2,NLGN1,15458844
MAGI2,NLGN2,15458844
POF1B,RAD23B,19182904
UBC,VSNL1,22871113
CAV3,KCNA5,15277200
AMPH,CLTC,11382783;17762867
DLG4,DYNLL1,14760703
AMPH,CLTA,11382783
NTRK1,SQSTM1,18174161;16246731
KCND3,KCNIP1,17725712
KCND3,KCNIP2,17725712
UBC,WASF2,15659545
ABCA3,UBC,22871113
NR3C1,YDJ1,18829866
PLD2,SNCA,20664530
DLG3,SDK2,15458844
SRP9,UBC,22871113
DACT2,DSH,21718540
KLHL17,UBC,17062563
RPLP0,STAU1,15303970
SLC11A2,UBC,22871113
IRS2,PIK3R1,12960006
MKL1,SRF,16987998
ATXN3,PARK2,20940148
ADCY5,MYCBP2,11590159
ITCH,PI4K2A,23146885
HSP90B1,PARK7,16854843
DUT,PPARA,8910358
GFAP,RAD23B,19182904
PRR7,UBC,22871113
DUT,PPARD,8910358
DUT,PPARG,8910358
CAPRIN1,UBC,22871113
GRIA3,UBC,22871113
STMN3,UBC,22871113
ATP1A1,ATP2B1,14593108
SH3GL1,UBC,15659545
SIRT2,UBC,22871113
APBA2,GRASP,12586822
CDK3,CDKN1B,9811456
CDK3,CDKN1A,9811456
GRIA1,UBC,22405206
SLC8A1,SPTAN1,14593108
KCNQ1,UBC,20861072
HOMER3,PSMC5,22486777
DYNC1I1,GPHN,16449194
SQSTM1,TRAF6,16252010
MTURN,UBC,22871113
SQSTM1,TRAF4,16246731
ANXA7,PRKCG,11278415
CBL,PIK3R1,8550620
ANXA7,PRKCB,11278415
PSMC1,TBP,10526239
EPS15,UBC,14657369
CHUK,PEBP1,11585904
E2F1,RB1,17989570
PPP2CA,SNCA,16030137
DLG1,MYO6,12050163
TPM1,UBC,22871113
EPB4.1,SPTBN1,11274145
PYGO2,UBC,22871113
BCL2L1,DNM1L,18250306
NUMBL,TRAF6,20079715
PRKCH,TIRAP,17161867
CLASP2,UBC,22871113
KCNMA1,UBC,22871113
ATP2B4,DLG4,11274188
ATP2B4,DLG2,11274188
ATP2B4,DLG1,11274188
HDAC5,REST,17011572
CAT,RAD23B,19182904
NRXN2,UBC,22871113
KCNAB2,PRKCZ,10477520
RNF31,SHARPIN,22253853
P2RX4,P2RX7,17785580
NEUROD1,TCF7L1,16055439
TNFRSF8,TRAF2,8999898
SORBS2,SYNJ1,15659545
FLNA,GRM5,11943148
CDON,SPAG9,19470755
CYB5A,CYP1A2,15680923
SEC14L2,UBC,22871113
NUP62,NUP93,9348540
MCAM,UBC,22871113
ACTB,RAD23B,19182904
DYNC1I1,GLRB,16449194
SH3GL2,SYNJ1,14704270
TXNIP,UBC,22871113
TMEM151A,UBC,22871113
HSPB1,HSPBAP1,10751411
SCNN1G,WWP1,14556380
DACT2,PRKCA,21718540
HR,VDR,12847098
DACT2,DACT3,21718540
KCNJ10,UBC,22871113
PRKCZ,SMURF1,17906294
PRKCZ,SMURF2,17906294
CALM3,INSR,1520270
CLTC,UBC,22871113
C2,C7,9688553
C2,C6,9688553
C2,C3,9688553
C2,C9,9688553
PSMD1,RANBP2,17911097
ANK3,UBC,22871113
MLLT4,PARK2,23393160
AP2B1,SNAP91,16903783
PDIA3,TAP1,12047747
PDIA3,TAP2,10508608
OCLN,UBC,15605377;23171401
GDNF,GFRA1,9192898;8674117
PLCD1,XPO1,22833565
CYP2E1,HSPA4,19401463
ATP1A3,SLC8A1,14593108
RPS3,UBC,22871113
EEF2,RAD23B,19182904
GRASP,ZBTB5,12586822
IKBKG,SUMO1,21454665
RPN1,UBLCP1,21949367
FAM81A,UBC,22871113
SLC12A2,UBC,22871113
CEBPB,NOLC1,8972203
ANKRD46,UBC,22871113
ESR2,NR0B2,10648597
HES1,POLR2A,15607978
CLIC5,UBC,22871113
AGTR1A,TRPV4,20650893
AP2B1,DAB2,12234931
CNR1,SUMO1,19819240
DCN,OTUB1,22279542
CALM1,PTH1R,15670850
AXIN1,DVL1,10330181;11113207
AP2B1,EPN1,16903783;12234931
AXIN1,DVL3,10330181
JUN,MAPK8,9710592;11146548
NCOR1,POU1F1,16030140
CACNA1G,RANBP9,18801335
SREBF1,TCF7L1,16055439
HSP90AA1,P2RX7,11707406
GRIN2B,PTPN5,20427654
BCL2L1,HSPD1,12967636
CDC20,TUBG1,19167333
NAP1L1,UBC,22871113
RPL27,UBC,22871113
MDM2,TP53,22046440;17060322;22405968;16330492;11983168;8058315
STX2,STXBP1,7768895;8996080
AP2B1,TOLLIP,16903783
STX2,STXBP2,7768895
PSMC3,RAD23B,19182904
CKS1B,SKP2,19533683
KRAS,SKP2,19533683
UBC,UCP1,22531154
ITGB1,PXN,16935300
GJB6,UBC,22871113
EPS15,NME2,11872741
PRKCA,STXBP1,8631738
AKAP5,DLG1,10939335
TARDBP,UBC,23258539
GNE,UBC,22871113
CSNK1D,MAP4,17101137
AKAP5,DLG4,10939335
GRM8,UBE2I,21288202
DCN,UBC,20665669;22279542
TOMM70A,UBC,22871113
CALM1,SCN3A,12967988
STXBP1,UBC,22871113
CABP2,CAMK2G,10625670
APC,CTNND2,20623542
CD276,TREML2,18650384
H3F3B,PARP1,15607978
DLG3,SSTR2,10373412
DNM1,SUMO1,15123615
AMPH,NECAP2,17762867
HCVGP1,TP53,12379483
AMPH,NECAP1,17762867
CREBBP,GTF2B,10893273
NCDN,UBC,22871113
CAV3,KCNH2,22879586
CLTA,UBC,22871113
HLA-A,TAP2,12047747
HLA-A,TAP1,12047747
HTT,TUBB5,11870213
PLK2,VPS16,16203730
PLK2,VPS11,16203730
CABP5,CAMK2G,10625670
MADD,UBC,22871113
PTPRR,SRC,12526090
AP2A1,SNAP91,16903783
PLK2,VPS18,16203730
CLTA,EPN1,11382783;12234931
AP2B1,DNM1,16903783
NUP62CL,STAU2,15970630
UBC,USP34,22871113
DYNLL1,TUBA1A,14760703
HIST3H3,NFKB1,21357467
HSP90B1,PDIA4,9006956
STX1B,STXBP1,8108429
GJB1,UBC,22871113
DYNLL1,GRIN3A,14760703
CSTF1,POLR2A,11459828
NDRG2,UBC,22871113
DAXX,SQSTM1,21707618
DGKZ,RBL1,16286473
GRIPAP1,UBC,22871113
DACT3,P120CTN,21718540
EFNB2,GRIP1,15458844
KCNA5,SQSTM1,17699685
DUSP1,UBC,16301819
ACTB,ITGB1,16935300
GSK3B,KLHL1,16982692
GAD2,UBC,20405034
GNAI1,UBC,22871113
GJA1,USP2,14535949
SCRIB,SDK2,15458844
PPHLN1,SNCAIP,19730898
STX4,STXBP1,7768895
CRK,GAB1,11146548
AQP4,UBC,22871113
SMIM14,UBC,22871113
CDKN1B,TSC2,15355997
HCN1,UBC,22871113
PRKAA2,STK11,8910387
RALA,YBX3,15592429
UBC,UBE2D1,22871113
GBAS,RAD23B,19182904
SLC20A2,UBC,22871113
PSMD4,YWHAE,23831032
AP2B1,TOM1,16903783
PDZK1,SYNGAP1,12063253
CRHR2,UCN2,11416224
PARK2,PSMA4,15987638
DACT1,VANG,21718540
OCRL,RAB6A,16902405
ACTB,P2RX7,11707406
BCR,GRASP,12586822
HSPA8,STIP1,10567422
KCNB1,UBE2I,21518833
IRS1,PTPN11,9415395
ROBO1,SLIT1,10433822
GPM6B,UBC,22871113
TMED2,TMED9,9472029
DACT1,DCO,21718540
CAMK1,XPO1,22833565
GH1,TF,21195069
PABPC1,STAU1,15303970
TNNI3,UBC,19801490
BIN1,SYNJ1,9195986
TRAF4,UBE2L3,16246731
BCAR1,CRK,9915838;11146548;9348226
PARP1,TOP2B,15607978
CRHR1,UCN,11416224;9423932
CRYAB,UBC,20863832
ITPR3,UBC,9139693;10191279;21071436
RAF1,SNCA,10407019
PARP1,POLR2A,15607978
PLD2,PTK2B,15705590
LMNB1,UBC,22871113
IRS1,MDM2,15456867
CDKN2A,VHL,7604013
CASK,CD2AP,15331416
UBC,WASF1,22871113
CYP3A62,VCP,17550236
CALR,GABARAP,17916189
RAD23B,UBXN1,19182904
GRIN2B,PRKCB,11306676
RANGAP1,UBE2I,9497385
GRIN2B,PRKCA,11306676
SDK2,SIPA1L1,15458844
NEDD4L,SLC9A3,24831004
ATP1B1,UBC,22871113
SLC12A5,UBC,22871113
PI4K2A,WWP1,23146885
HDAC11,UBC,22871113
AHR,AIP,18078967
COPB2,UBC,22871113
HK2,ZBTB17,11068878
DPYSL2,TUBB3,12134159
RGD1561590,UBC,22871113
PIAS4,SSX1,21454665
KCNAB2,SLC40A1,10477520
LPHN1,SHANK1,10964907
NGFR,NTRK3,19549834
ABL1,CDON,19470755
GPHN,PFN1,12967995
GPHN,PFN2,12967995
NGFR,NTRK1,16246731;19549834
NOS1,UBC,24186360
ALDH3B1,UBC,22871113
ARRB2,UBC,19996297
RPS2,UBC,22871113
COPA,UBC,22871113
MAP4K3,SH3GLB1,11384986
AWP1,PEX6,21980954
AWP1,PEX5,21980954
FCHO2,TFAP2B,20448150
FCHO2,TFAP2A,20448150
NCOA3,SUMO1,21454665
UBC,ZIM1,22871113
PEBP1,RAF1,12551925
APH1A,ERLIN2,22771797
AXIN1,CTNNB1,10330181
HSP90B1,SNCA,16854843
SEMA5A,UBC,22871113
DYNLL1,SNCA,16176937
MBP,UBC,22871113
ANK2,SPTAN1,14593108
ELAVL1,PTGS2,19246637
KATNA1,KRT1,23904609
HSP90B1,HSPA5,9006956
UBC,XIRP2,22871113
CYP2B1,HSP90AA1,19401463
HSPA5,MVK,20167237
GRIK1,KLHL17,17062563
CALM1,GRM7,11953448
KATNA1,TCP1,23904609
SRF,ZEB1,16824956
SDK2,SHANK2,15458844
HSPA4,NOS1,22128174
NGLY1,UBC,22871113
CISH,SOCS2,16956890
ATP6V1G1,UBC,22871113
GRM7,UBE2I,21288202
AUP1,NUMBL,18299187
CACNB3,MAP1LC3B,24566975
HIST2H2AA3,UBC,22871113
PTGES3,UBC,22871113
DCTN3,UBC,22871113
SYT2,UBC,22871113
MBP,PRKCI,11500922
BAX,HSPD1,12967636
HCVGP1,TBP,12379483
EBF1,ZFP423,9151733
UBC,VCP,17141156;12847084;22871113
RALA,RALBP1,11406615;15592429
HPCAL1,UBC,22871113
KCND2,KCNIP2,16820361
MEGF8,SQSTM1,21707618
KLC2,MAPT,16176937
KCND2,KCNIP4,11847232
GJA1,TJP1,16931598
GJA1,TJP2,16931598
DYNLL1,MASTL,14760703
CDC42,PAK1,7592896
CDC42,PAK2,7592896
RHOB,UBC,22871113
BRAF,PSME1,9679960
HSC82,NR3C1,18829866
PLEC,PRKCA,2023931
LRRC41,TCEB1,11384984
LRRC41,TCEB2,11384984
ATP2B2,UBC,22871113
ARHGEF7,PAK2,16527308
GIT1,TGFB1I1,12153727
IRS3,PIK3R1,10860857
DACT2,PRKACA,21718540
ATP1A2,ATP2B1,14593108
DCTN1,UBC,22871113
LIMK1,RNF6,16204183
TPPP3,UBC,22871113
CYP27B1,TP53,9488468
HLA-B,TAP2,10508608;12047747
HLA-B,TAP1,12047747
CDH1,CDK2,11340163
KCTD13,PCNA,15726626
HDAC4,RUNX2,20097749
HSPA8,UBC,22871113
NUP54,NUPL1,24574455
ABI2,CASKIN1,19523119
HIST1H2BL,TSPY1,16996029
ITPR1,UBE4A,16103111
ELF3,JUN,1651323
CDC27,KRAS,22045811
PRDX1,RAD23B,19182904
DLG1,KCNC1,19213956
SMAD2,UBC,14507671
HSPA8,P2RX7,11707406
KCNQ2,NEDD4,17322297
BEX1,OMP,12911636
EIF4EBP1,PRKCA,8083223
ITPR2,TRPC4,11163362
ITPR1,UBC,10191279;21071436;16103111;22871113
EIF4E,EIF4EBP1,16010989;10100614;16236269;11319880;9204908
ELL,LOC100363176,9268387
HIF1A,PIN1,24478626
PARD6A,SMURF1,21262463
OCRL,RAB5A,16902405
DOK1,INPP5D,11970986;12008030
HGS,UBC,22871113
SLC17A6,UBC,22871113
RARS,UBC,22871113
AHR,HSP90AA1,18078967
MAFK,NFE2L2,16314513
TMED10,TMED9,9472029
KATNA1,KATNB1,23904609
BCL2L11,VDAC1,12118373
CDK4,RUNX3,19351720
MAP1A,UBC,22871113
ARAF,RGS12,17380122
ADRM1,UBC,22871113
ELAVL1,SERPINE1,19246637
KATNA1,PYGM,23904609
KIF5C,PARD3,17906294
DLG1,DLG2,12351654
MAPK12,MAPT,9199504
CTNNB1,MIB1,25931508
SCNN1G,TSG101,14556380
GRIK2,PICK1,15458844
DACT2,HNF1A,21718540
PRPS1,UBC,22871113
SLC13A3,UBC,22871113
MDM2,RASSF6,24003224
FOXG1,TLE1,22354967
LIN7A,MARCH11,17604280
SNX3,UBC,22871113
GYS1,PRKCA,8947489
RPL23A,UBC,22871113
DAG1,DMD,16935300
KPNA4,PLCB1,23665500
SRP68,UBC,22871113
HCN1,NEDD4L,24451387
CACNA1C,UBC,22871113
BRDT,HSP90AA1,22215678
SUB1,TP53,17130840
NEDD4L,SCNN1G,11502596;15140763
DNAJB2,UBC,22871113
BCAN,TNR,9294172
RHOT2,UBC,22871113
ARMCX3,UBC,22871113
OGT,UBC,22871113
CSPG5,UBC,22871113
PSMC4,UBC,22871113
CDKL5,MIB1,25931508
NLGN1,SHANK3,15458844
MLC1,TUBA1A,19931615
NLGN1,SHANK1,15458844
TXNL1,UBC,22871113
PLG,RUVBL1,11027681
CALM1,SCTR,15670850
PNMAL2,UBC,22871113
H2AFZ,UBC,22871113
CAMK2A,TANC1,15673434
PARP1,RAD50,15607978
UBC,VANGL2,22871113
MAP1A,SPP1,22779921
GFRA1,NRTN,9192898
HDAC2,HR,12403844
MAP3K7,PEBP1,11585904
SPTBN1,UBC,22871113
SMAD7,TGFBR1,17347560
SNCA,SYK,11744621
EGFR,UBC,20029031;15389569;15371442
UBC,VCL,22871113
MYL1,RAD23B,19182904
CREBBP,FGFR1,15929978
TUBA4A,UBC,22871113
HIF1A,VHL,17942596;19950214
CRYAB,F2RL1,19558454
MECR,THRB,9795230
CALM1,DRD2,19632986
P2RX7,SVIL,11707406
GOPC,SDK2,15458844
BIN1,NECAP2,17762867
CSNK1D,DACT1,21718540
CSNK1D,DACT2,21718540
CSNK1D,DACT3,21718540
PARK7,SNCA,16854843
PDIA3,RARA,20130111
AMPH,DNM1,9694653;9259551;9195986
PLD2,SRC,15705590
SHANK3,SPTAN1,23897824
ESR2,UBC,21808025
DLG2,UBC,22871113
SLC2A3,UBC,22871113
UBC,WDR1,22871113
BCAP31,UBC,22871113
SDC2,SDCBP,15458844
P2RX7,PTPRZ1,11707406
DNAJC5,UBC,22871113
CACNB3,PAX6,19917615
CCDC93,UBC,22871113
CIT,RANBP9,19790105
CUL5,UBC,22871113
GJC3,UBC,22871113
DACT3,DVL1,21718540
DACT3,DVL3,21718540
DACT3,DVL2,21718540
TFRC,UBC,22871113
ACTB,DMD,16935300
GJA1,USP48,14535949
LBR,PRKACA,8598227
CACNB1,DYNLL1,14760703
CNN1,MAPK1,20181831
B2M,VCP,12847084
GRM7,PIAS1,21288202;16144832
COPS5,HTR6,20093369
CHRM2,SET,17065150
BRDT,SFPQ,22215678
CTBP2,UBC,22871113
PSMD11,UBLCP1,21949367
AFF2,GRASP,12586822
ILF2,UBC,22871113
MIB1,UBC,22871113
KCND3,RAPGEF3,17725712
BRAF,YWHAB,9679960
KCND3,RAPGEF5,17725712
KCND3,RAPGEF4,17725712
HOMER1,HOMER2,9808458
HOMER1,HOMER3,9808458
ATP1A3,UBC,22871113
SPTAN1,UBC,22871113
HGS,TRAK2,17062640
AP2B1,RANGAP1,16903783
KCTD10,PCNA,15982757
BCAR1,PTK2,9038154
SV2B,UBC,22871113
EFHD2,UBC,22871113
EPN1,UBC,14657369;19536136;22871113
FBXW11,PER2,18782782
HK2,PTGDS,11068878
HDAC4,MEF2D,22357862
ETV1,RPS6KA1,12213813
CANX,PARK7,16854843
SYN1,UBC,22871113
PSMA2,UBC,22871113
LYN,SNCA,11744621
BRAF,MDK,9679960
CISH,GHR,12586763
NEFL,UBC,22871113
LEP,PTGDS,11068878
CAR1,DYNLL1,14760703
SCD1,UBC,22871113
HIST1H4B,NFKB1,21357467
SLC3A2,UBC,22871113
AP2B1,ARRB2,16903783
KCNAB2,UBC,22871113
DCTN2,KCNA5,16051887
AP2B1,MYBL2,16903783
ATXN3,CNTFR,19666135
MLNR,TRHR,12393857
MAPT,YWHAZ,19014373
CKB,UBC,22871113
GPM6A,UBC,22871113
SEC23IP,UBC,22871113
CACNA1C,VCP,21186355
SNCAIP,SYP,11956199
ILK,PXN,11304546
TPP2,UBC,22871113
AP2A2,NECAP1,17762867
CD5,PRKCB,11123317
CD5,PRKCA,11123317
CYP27A1,HSPA4,19401463
CSK,GSK3B,16982692
MAGED1,NGFR,10985348
PARP1,TAF1,15607978
GAP43,UBC,22871113
MPP3,P2RX7,11707406
TRPC1,TRPC4,11301024
TRPC1,TRPC5,11301024
DOK1,SHC1,12008030
SMARCA4,SMARCB1,8895581
PARP1,RNF146,24842055
CADM2,UBC,22871113
RPL27A,UBC,22871113
GABRA1,UBC,22871113
DACT1,DSH,21718540
CBX1,UBC,22871113
KHDRBS3,SAFB,11118435
SLC6A17,UBC,22871113
CLDND1,UBC,22871113
GNAO1,ZBTB16,18262754
CYCS,RAD23B,19182904
CTNND1,DACT2,21718540
HIST3H3,RNF4,11319220
LOC100360342,UBC,22871113
SORBS1,VCL,19116150
STUB1,UBC,20724525
CLIC4,YWHAZ,11563969
RGS7,UBC,22871113
CLIC4,YWHAE,11563969
ASB4,IRS4,21955513
PPIA,UBC,22871113
CDK9,GATA4,20081228
STX5,TMED9,9472029
MAGED1,PRNP,15911347
ACTN1,UBC,22871113
GRIP1,SDC2,15458844
EPS15,FCHO2,21762413;20448150
PSMD7,UBC,22871113
MAP2K2,UBC,22871113
RPS20,UBC,22871113
UTS2,UTS2R,10581185
LRRC7,UBC,22871113
EPS15,SLC6A3,16885233
MEF2D,PRKACA,22357862
FTH1,MOB4,11872741
CNN3,PRKCA,20181831
CEBPG,RB1,12757710
CXCR2,RGS12,9651375
HIST2H2BE,PRKACA,8647104
HK3,IGFBP4,11068878
KLC1,MAPT,16176937
INSR,PTPN11,9832615;9415395
MVK,RPS20,20167237
GRM4,PIAS1,21288202;16144832
TMEM30A,UBC,22871113
GRM4,PIAS3,21288202
AP2A1,EPN1,12057195;16903783;12234931
PRKCG,SNCA,10407019
ACACA,MELK,16216881
CCDC50,UBC,22871113
FOS,SMARCD1,11053448
ITPR1,UFD1L,16103111
ILF3,UBC,22871113
SLC22A23,UBC,22871113
HES1,SRC,15607978
TAF6,UBC,22871113
OCRL,RAB8A,16902405
TRAF6,ZFP110,16252010
RCOR3,UBC,22871113
PPP3CA,UBC,22871113
RAC1,TUBA1A,8631991
CSNK2B,SNCA,11744621
LAMA3,P2RX7,11707406
PARP1,RXRA,10082530
PDIA3,SLC12A3,11832422
HSP90B1,THBS1,9006956
EFR3A,UBC,22871113
MAP1A,TUBA1A,7908909
CREBBP,PARP1,15607978
MLC1,UBC,22871113
KCNAB2,SQSTM1,12431995
ACTC1,RAD23B,19182904
ITSN1,WASL,11584276
EIF2AK2,STRBP,10684936
ALDOC,RAD23B,19182904
PEX5,UBC,21980954;17726030
BTG2,HDAC4,17371797
CEBPG,SMARCD2,12757710
DACT3,PRKACA,21718540
GABBR2,PSMC5,24482233
JAM3,UBC,22871113
BCL2,PRKCG,7929424
BCL2,PRKCA,7929424
BCL2,PRKCB,7929424
CUL1,UBC,22871113
CFTR,SLC4A7,12403779
IGSF4,SDCBP,15458844
ARHGAP26,UBC,22871113
EPS15L1,UBC,22871113
HK1,UBC,22871113
NECAP2,SYNJ1,17762867
SYNGAP1,UBC,22871113
TCF3,TWIST1,10567574
UFD1L,VCP,12847084;10811609
AKT1,GAPDH,20488185
PRKAA1,TSC2,19914239
FLCN,FNIP2,19914239
FGF2,GLG1,7768993
MAP2K1,MAPK1-A,8026469
BSN,UBC,22871113
MAP2K2,MAPK1-A,8026469
RNF4,UBE2D1,22842904;24882209
CSNK2B,EIF4EBP1,8083223
AP2M1,P2RX4,15985462
HIST3H3,PRKCA,8947489
NBR1,TTN,15802564
PPP1CA,UBC,22871113
CCSAP,UBC,22871113
RALB,UBC,22871113
SCAMP1,UBC,22871113
GNG3,UBC,22871113
CRYAA,F2RL1,19558454
CDK5,PARK2,17327227
AKAP9,CSNK1D,12270714
AKAP9,CSNK1E,12270714
ATXN3,TUBB4B,19666135
DACT2,LEF1,21718540
MYO5B,RAB8A,17507647
CRKL,PXN,9710592
CDC20,KRAS,22045811
UBC,ZDHHC20,22871113
PAWR,WT1,8943350
DLG1,MPP3,12351654
SCAMP5,UBC,22871113
FABP9,LIPE,10318917
LYN,MS4A2,19356729
GABRR1,PRKCG,12175859
POR,UBC,22871113
ANK2,ITPR1,14593108
SGTB,UBC,22871113
TNNI3,TNNT2,12501194
CRIPT,DLG4,9581762
CASKIN1,SEPT4,19523119
ABL1,SORBS3,16831423
BRDT,TOP1,22215678
ALDOART2,RAD23B,19182904
BECN1,PARK2,24879156
NCOA3,UBC,21454665
CDK1,LMNB1,9053846
JAK2,NFKBIA,11493922
MAP2K2,NTRK1,17380122
NPLOC4,VCP,10811609;22232657
GAB2,UBB,14604964
ATF5,EP300,21791614
ANXA6,UBC,22871113
AR,CTNNB1,11916967
FGR,SNCA,11744621
NLGN2,UBC,22871113
CMPK1,UBC,22871113
PYGB,UBC,22871113
MARCH2,STX8,15689499
PSMC3,PSMC5,10657252
GMPPA,UBC,22871113
NPLOC4,RAD23B,19182904
ENAH,GPHN,12967995
TXN1,UBC,22871113
JMJD1C,THRB,7776974
BCAS1,UBC,22871113
AP2B1,ARFGAP1,16903783
STX8,VAMP8,11101518
DACT2,TGFB1,21718540
PSMC1,PSMC5,10526239
OTUB1,UBC,22871113
ADCY2,UBC,22871113
FYN,PDE4D,10571082
EPN1,SLC6A3,16885233
JAK2,SH2B1,17565041;12551917;10757801
CBL,SYK,8920860
ANK2,NFASC,9151675
PTPRC,UBC,22871113
ARAF,MDK,9679960
EEA1,GIT1,18523162
CALM1,SCN4A,12967988
ATF4,DAPK3,10580117;10602480
SNCA,SNCAIP,15064394
RAB5C,UBC,22871113
PEBP1,PRKCB,12551925
PEBP1,PRKCA,12551925
PEBP1,PRKCG,12551925
AP2B1,HSPA8,16903783
GRM5,HOMER1,9808458
APBB1,RNF157,25342469
CACNA1B,MAP1LC3B,24566975
PEBP1,PRKCZ,12551925
SLC2A1,UBC,15359219;22871113
CREB3L1,SYVN1,22705851
GRIN2B,TANC1,15673434
DENND1A,NECAP1,17762867
MEF2D,UBC,16112871
SMAD7,SMURF2,17347560;20386537
ESR2,NCOA1,10731636
PRKCA,UBC,9447980;19586612;14638691
SEPT8,UBC,22871113
CANX,GRM1,22486777
FXYD6,UBC,22871113
GAPDH,RAD23B,19182904
SARM1,UBC,22871113
KIF5C,SMURF1,17906294
ABCD1,SLC27A2,16781659
KIF5C,SMURF2,17906294
GNAZ,UBC,22871113
PRKCI,SQSTM1,11500922
FAM49A,UBC,22871113
SMAD1,VCP,22051847
BAD,SNCA,10407019
GNAS,UBC,22871113
CBL,FLT1,15001553
HSPA4,NR3C1,12145311
MAP2K1,SNCA,10407019
CBL,RET,16525057
BAD,BRAF,16116448
MAP3K3,PSME3,12650640
FASN,UBC,22871113
RGS20,UBC,22871113
PSMD14,RAD23B,19182904
DHRS7B,UBC,22871113
HYOU1,TG,9006956
MDM2,PTGS2,25058273
BIN1,FABP4,11382783
ALDOC,UBC,22871113
PARK2,UBE2L3,23661642
CAPZA1,UBC,22871113
HSPH1,UBC,22871113
CTTN,KCNA2,12151401
GRM8,UBE2A,16144832
ABCA2,UBC,22871113
ITPR1,SPTBN1,14593108
DACT1,HDAC1,21718540
UBC,VAMP7,22871113
ADRBK1,GNB1,16221676
RUNX1,VDR,20236534
KCNB1,SUMO1,21518833
KCNB1,SUMO2,21518833
KCNB1,SUMO3,21518833
BIRC6,UBC,22871113
HIF1A,MAPK1,10551817
SNAP25,STX1B,10825299
SNAP25,STX1A,9168999;21266332;7768895;10825299;22411134
LMB1,PLCB1,23665500
IRS1,UBC,15456867
CASK,UBC,22871113
STIP1,UBC,22871113
GDA,UBC,22871113
TAP1,TAP2,10508608;12047747
CTNND1,NPHS1,15331416
MTUS1,PTPN6,17068200
ACTB,NCALD,11964161
MDM2,NR3C1,24334056
CKM,RAD23B,19182904
CBL,NGFR,15337528
CALM1,SCN8A,12967988
KEAP1,MYO7A,11921171
PPL,VIM,12244133
AKT1,UXS1,11877387
NPLOC4,UBC,15029239;12411482
AP2A2,BIN1,10430869;17762867
PARK2,UBC,24386307
CCND2,CDK4,11384971
CCND2,CDK2,11384971
DYNC1H1,UBC,22871113
DRD1,RANBP9,20395553
GRM1,PSMC5,22486777
GRIA1,TANC1,15673434
PPP1CA,STAU1,15303970
BRAF,PSME3,12650640
MYH4,RAD23B,19182904
MAPK8,SIAH1,21336655
CDK5R1,CDK5RAP3,10721722
CALM1,NRGN,10075657;8080473
ABL2,SORBS3,16831423
CDK5R1,CDK5RAP2,10721722
ABHD17A,UBC,22871113
ACTN4,P2RX7,11707406
HOMER1,UBC,22871113
SP1,YBX1,22337869
CTBP1,NOS1,11590170
SEPT11,UBC,22871113
PABPC1,UBC,22871113
EFNB2,PICK1,15458844
FGR,UBC,22871113
ITGB2,UBC,22871113
ARRB2,TRAF6,16378096
FOXO1,SIRT1,21149440
DACT1,VANGL1,21718540
BIN1,NECAP1,17762867
CREM,STUB1,20724525;22267842
DACT1,VANGL2,21718540
EPN2,TUBA1A,12750376
CLDN11,UBC,22871113
HSP90AA1,NR3C1,12145311
SV2A,UBC,22871113
HEBP1,UBC,22871113
MAFA,MAPK14,23660596
BRDT,HNRNPL,22215678
AES,UBC,22871113
DYNLL1,LDHA,14760703
CBX4,GRM6,21288202
AP2M1,EPN1,12234931
SKI,SMURF2,20386537
LINGO1,UBC,22871113
ATP2C1,UBC,22871113
FCHO2,SYNJ1,20448150
SAFB,SRSF1,9671816
SAFB,SRSF6,9671816
CTNND1,DACT1,21718540
CCNB1,LMNB1,9053846
DYNC1H1,GPHN,16449194
GRIN2B,SPTAN1,9670010
HSPA4,P2RX7,11707406
SAFB,SRSF9,9671816
BMPR1A,UBC,22871113
CTNNB1,MACF1,16815997
ACVR1B,NEDD4L,19953087
TMEM127,UBC,22871113
KLHL14,TOR1A,19535332
ALAD,UBC,22871113
CANX,VCP,12847084
GATA6,SRF,12530967
CTNNB1,GSK3B,20623542
UBC,USP13,22871113
RAD23B,UBC,19182904;22871113
UBC,USP14,22871113
KHDRBS3,RBMX,11118435
NPLOC4,NSFL1C,10811609
EXOC4,WAS,17086175
GSK3B,MACF1,16815997
PDCL,PSMC5,9551090
NBR1,SQSTM1,15802564
CYP2E1,HSP90AA1,19401463
UBC,VIM,22871113
DNAJA2,UBC,22871113
ABCB11,AP2A1,22262466
JAG2,NOTCH1,19503073
EXOC4,RALA,11406615
APPL2,UBC,22871113
ATP6V1A,UBC,22871113
RAD23B,TNNT3,19182904
GRIA2,SDCBP,15458844
HK3,ZBTB17,11068878
IFITM3,SPP1,19901966
FNBP1,RND2,14732713
PPARGC1A,SOX9,16109717
HSP90B1,TG,9006956
GAPDH,SIAH1,15951807
AP2B1,KRT1,16903783
GPI,UBC,22871113
EIF3A,UBC,22871113
CDK5,DNM1,14704270
DACT1,DVL3,21718540
DACT1,DVL2,21718540
DACT1,DVL1,21718540
DNAJC3,HSPA8,9920933
MPDZ,SSTR3,19071123
PRKCB,RBCK1,9514928
CDK2,CTNNB1,14985333
MAOA,UBC,22871113
FOXO4,OGT,19932102
BAI3,UBC,22871113
INA,TANC1,15673434
UBC,VPS52,22871113
BCR,CD2AP,15001553
ATXN10,UBC,22871113
MDM2,SUMO1,17000718
SPTAN1,SPTBN1,14593108
RAD23B,STAT1,19182904
SEPT9,UBC,22871113
SIAH1,SNCA,18065497;19224863
BAIAP2,LIN7B,14596909
RNF130,SREBF1,24425205
DNM1,DYRK1A,15287745
DYNC1I1,KCNA5,16051887
CMIP,UBC,22871113
FEZ1,PRKCZ,9971736
NME8,UBC,22871113
CLTC,PARK7,16854843
PRMT5,SSTR1,10734105
CREM,UBC,20724525
DLG2,NLGN1,15458844
FKBP1A,MTOR,14679009
KLC1,SNCA,16176937
